"id","name","proposed_family","official_fields","assignment_kind","reason","source_url"
"aeroveedramon","AeroVeedramon","Dragon's Roar","Dragon's Roar | Nature Spirits | Virus Busters | Wind Guardians","proposed_from_multiple_official_fields","Multiple official Field categories apply; the selected primary family is shown for this conversion.","https://wikimon.net/Category:Dragon%27s_Roar | https://wikimon.net/Category:Nature_Spirits | https://wikimon.net/Category:Virus_Busters | https://wikimon.net/Category:Wind_Guardians"
"agumon","Agumon","Dragon's Roar","Deep Savers | Dragon's Roar | Metal Empire | Nature Spirits | Nightmare Soldiers | Unknown | Virus Busters","proposed_from_multiple_official_fields","Multiple official Field categories apply; the selected primary family is shown for this conversion.","https://wikimon.net/Category:Deep_Savers | https://wikimon.net/Category:Dragon%27s_Roar | https://wikimon.net/Category:Metal_Empire | https://wikimon.net/Category:Nature_Spirits | https://wikimon.net/Category:Nightmare_Soldiers | https://wikimon.net/Category:Unknown | https://wikimon.net/Category:Virus_Busters"
"agunimon","Agunimon","Dragon's Roar","","proposed_from_element_and_form_theme","No exact Wikimon category-name match for this Cyber Sleuth localization or one-off form; proposed from its source element and form theme.","https://wikimon.net/Field"
"airdramon","Airdramon","Dragon's Roar","Dragon's Roar | Nature Spirits | Wind Guardians","proposed_from_multiple_official_fields","Multiple official Field categories apply; the selected primary family is shown for this conversion.","https://wikimon.net/Category:Dragon%27s_Roar | https://wikimon.net/Category:Nature_Spirits | https://wikimon.net/Category:Wind_Guardians"
"alphamon_nx","Alphamon NX","Nature Spirits","","proposed_from_element_and_form_theme","No exact Wikimon category-name match for this Cyber Sleuth localization or one-off form; proposed from its source element and form theme.","https://wikimon.net/Field"
"andromon","Andromon","Metal Empire","Metal Empire | Virus Busters","proposed_from_multiple_official_fields","Multiple official Field categories apply; the selected primary family is shown for this conversion.","https://wikimon.net/Category:Metal_Empire | https://wikimon.net/Category:Virus_Busters"
"angemon","Angemon","Virus Busters","Virus Busters | Wind Guardians","proposed_from_multiple_official_fields","Multiple official Field categories apply; the selected primary family is shown for this conversion.","https://wikimon.net/Category:Virus_Busters | https://wikimon.net/Category:Wind_Guardians"
"angewomon","Angewomon","Virus Busters","Nature Spirits | Virus Busters | Wind Guardians","proposed_from_multiple_official_fields","Multiple official Field categories apply; the selected primary family is shown for this conversion.","https://wikimon.net/Category:Nature_Spirits | https://wikimon.net/Category:Virus_Busters | https://wikimon.net/Category:Wind_Guardians"
"ankylomon","Ankylomon","Deep Savers","Deep Savers | Metal Empire | Nature Spirits","proposed_from_multiple_official_fields","Multiple official Field categories apply; the selected primary family is shown for this conversion.","https://wikimon.net/Category:Deep_Savers | https://wikimon.net/Category:Metal_Empire | https://wikimon.net/Category:Nature_Spirits"
"antylamon","Antylamon","Nature Spirits","","proposed_from_element_and_form_theme","No exact Wikimon category-name match for this Cyber Sleuth localization or one-off form; proposed from its source element and form theme.","https://wikimon.net/Field"
"apocalymon","Apocalymon","Deep Savers","Dark Area | Deep Savers | Nature Spirits | Nightmare Soldiers","proposed_from_multiple_official_fields","Multiple official Field categories apply; the selected primary family is shown for this conversion.","https://wikimon.net/Category:Dark_Area | https://wikimon.net/Category:Deep_Savers | https://wikimon.net/Category:Nature_Spirits | https://wikimon.net/Category:Nightmare_Soldiers"
"arcadiamon_champion","Arcadiamon Champion","Nightmare Soldiers","","proposed_from_element_and_form_theme","No exact Wikimon category-name match for this Cyber Sleuth localization or one-off form; proposed from its source element and form theme.","https://wikimon.net/Field"
"arcadiamon_in_tr","Arcadiamon In-Tr.","Nightmare Soldiers","","proposed_from_element_and_form_theme","No exact Wikimon category-name match for this Cyber Sleuth localization or one-off form; proposed from its source element and form theme.","https://wikimon.net/Field"
"arcadiamon_mega","Arcadiamon Mega","Nightmare Soldiers","","proposed_from_element_and_form_theme","No exact Wikimon category-name match for this Cyber Sleuth localization or one-off form; proposed from its source element and form theme.","https://wikimon.net/Field"
"arcadiamon_rookie","Arcadiamon Rookie","Nightmare Soldiers","","proposed_from_element_and_form_theme","No exact Wikimon category-name match for this Cyber Sleuth localization or one-off form; proposed from its source element and form theme.","https://wikimon.net/Field"
"arcadiamon_ultimate","Arcadiamon Ultimate","Nightmare Soldiers","","proposed_from_element_and_form_theme","No exact Wikimon category-name match for this Cyber Sleuth localization or one-off form; proposed from its source element and form theme.","https://wikimon.net/Field"
"arcadiamon_ultra","Arcadiamon Ultra","Nightmare Soldiers","","proposed_from_element_and_form_theme","No exact Wikimon category-name match for this Cyber Sleuth localization or one-off form; proposed from its source element and form theme.","https://wikimon.net/Field"
"armadillomon","Armadillomon","Nature Spirits","","proposed_from_element_and_form_theme","No exact Wikimon category-name match for this Cyber Sleuth localization or one-off form; proposed from its source element and form theme.","https://wikimon.net/Field"
"armageddemon","Armageddemon","Nightmare Soldiers","","proposed_from_element_and_form_theme","No exact Wikimon category-name match for this Cyber Sleuth localization or one-off form; proposed from its source element and form theme.","https://wikimon.net/Field"
"bancholeomon","BanchoLeomon","Virus Busters","Nature Spirits | Virus Busters","proposed_from_multiple_official_fields","Multiple official Field categories apply; the selected primary family is shown for this conversion.","https://wikimon.net/Category:Nature_Spirits | https://wikimon.net/Category:Virus_Busters"
"baohuckmon","BaoHuckmon","Metal Empire","Metal Empire | Virus Busters","proposed_from_multiple_official_fields","Multiple official Field categories apply; the selected primary family is shown for this conversion.","https://wikimon.net/Category:Metal_Empire | https://wikimon.net/Category:Virus_Busters"
"barbamon","Barbamon","Nightmare Soldiers","Dark Area | Nightmare Soldiers","proposed_from_multiple_official_fields","Multiple official Field categories apply; the selected primary family is shown for this conversion.","https://wikimon.net/Category:Dark_Area | https://wikimon.net/Category:Nightmare_Soldiers"
"beelzemon","Beelzemon","Nightmare Soldiers","","proposed_from_element_and_form_theme","No exact Wikimon category-name match for this Cyber Sleuth localization or one-off form; proposed from its source element and form theme.","https://wikimon.net/Field"
"beelzemon_bm","Beelzemon BM","Nightmare Soldiers","","proposed_from_element_and_form_theme","No exact Wikimon category-name match for this Cyber Sleuth localization or one-off form; proposed from its source element and form theme.","https://wikimon.net/Field"
"belphemon_rm","Belphemon RM","Nightmare Soldiers","","proposed_from_element_and_form_theme","No exact Wikimon category-name match for this Cyber Sleuth localization or one-off form; proposed from its source element and form theme.","https://wikimon.net/Field"
"belphemon_sm","Belphemon SM","Nightmare Soldiers","","proposed_from_element_and_form_theme","No exact Wikimon category-name match for this Cyber Sleuth localization or one-off form; proposed from its source element and form theme.","https://wikimon.net/Field"
"birdramon","Birdramon","Wind Guardians","Nature Spirits | Wind Guardians","proposed_from_multiple_official_fields","Multiple official Field categories apply; the selected primary family is shown for this conversion.","https://wikimon.net/Category:Nature_Spirits | https://wikimon.net/Category:Wind_Guardians"
"biyomon","Biyomon","Wind Guardians","Jungle Troopers | Nature Spirits | Virus Busters | Wind Guardians","proposed_from_multiple_official_fields","Multiple official Field categories apply; the selected primary family is shown for this conversion.","https://wikimon.net/Category:Jungle_Troopers | https://wikimon.net/Category:Nature_Spirits | https://wikimon.net/Category:Virus_Busters | https://wikimon.net/Category:Wind_Guardians"
"blackgatomon","BlackGatomon","Nightmare Soldiers","","proposed_from_element_and_form_theme","No exact Wikimon category-name match for this Cyber Sleuth localization or one-off form; proposed from its source element and form theme.","https://wikimon.net/Field"
"blackwargreymon","BlackWarGreymon","Dragon's Roar","Dragon's Roar | Metal Empire","proposed_from_multiple_official_fields","Multiple official Field categories apply; the selected primary family is shown for this conversion.","https://wikimon.net/Category:Dragon%27s_Roar | https://wikimon.net/Category:Metal_Empire"
"bluemeramon","BlueMeramon","Dragon's Roar","Dragon's Roar | Nightmare Soldiers","proposed_from_multiple_official_fields","Multiple official Field categories apply; the selected primary family is shown for this conversion.","https://wikimon.net/Category:Dragon%27s_Roar | https://wikimon.net/Category:Nightmare_Soldiers"
"boltmon","Boltmon","Metal Empire","Metal Empire | Nightmare Soldiers","proposed_from_multiple_official_fields","Multiple official Field categories apply; the selected primary family is shown for this conversion.","https://wikimon.net/Category:Metal_Empire | https://wikimon.net/Category:Nightmare_Soldiers"
"botamon","Botamon","Virus Busters","Nature Spirits | Virus Busters","proposed_from_multiple_official_fields","Multiple official Field categories apply; the selected primary family is shown for this conversion.","https://wikimon.net/Category:Nature_Spirits | https://wikimon.net/Category:Virus_Busters"
"breakdramon","Breakdramon","Dragon's Roar","Dragon's Roar | Metal Empire","proposed_from_multiple_official_fields","Multiple official Field categories apply; the selected primary family is shown for this conversion.","https://wikimon.net/Category:Dragon%27s_Roar | https://wikimon.net/Category:Metal_Empire"
"bukamon","Bukamon","Deep Savers","","proposed_from_element_and_form_theme","No exact Wikimon category-name match for this Cyber Sleuth localization or one-off form; proposed from its source element and form theme.","https://wikimon.net/Field"
"burninggreymon","BurningGreymon","Dragon's Roar","","proposed_from_element_and_form_theme","No exact Wikimon category-name match for this Cyber Sleuth localization or one-off form; proposed from its source element and form theme.","https://wikimon.net/Field"
"cannonbeemon","CannonBeemon","Metal Empire","Metal Empire | Wind Guardians","proposed_from_multiple_official_fields","Multiple official Field categories apply; the selected primary family is shown for this conversion.","https://wikimon.net/Category:Metal_Empire | https://wikimon.net/Category:Wind_Guardians"
"chaosdramon","Chaosdramon","Dragon's Roar","Dragon's Roar | Metal Empire","proposed_from_multiple_official_fields","Multiple official Field categories apply; the selected primary family is shown for this conversion.","https://wikimon.net/Category:Dragon%27s_Roar | https://wikimon.net/Category:Metal_Empire"
"chaosgallantmon","ChaosGallantmon","Nightmare Soldiers","","proposed_from_element_and_form_theme","No exact Wikimon category-name match for this Cyber Sleuth localization or one-off form; proposed from its source element and form theme.","https://wikimon.net/Field"
"chaosmon","Chaosmon","Virus Busters","Unknown | Virus Busters","proposed_from_multiple_official_fields","Multiple official Field categories apply; the selected primary family is shown for this conversion.","https://wikimon.net/Category:Unknown | https://wikimon.net/Category:Virus_Busters"
"chaosmon_va","Chaosmon VA","Virus Busters","","proposed_from_element_and_form_theme","No exact Wikimon category-name match for this Cyber Sleuth localization or one-off form; proposed from its source element and form theme.","https://wikimon.net/Field"
"cherrymon","Cherrymon","Jungle Troopers","","proposed_from_element_and_form_theme","No exact Wikimon category-name match for this Cyber Sleuth localization or one-off form; proposed from its source element and form theme.","https://wikimon.net/Field"
"chirinmon","Chirinmon","Virus Busters","","proposed_from_element_and_form_theme","No exact Wikimon category-name match for this Cyber Sleuth localization or one-off form; proposed from its source element and form theme.","https://wikimon.net/Field"
"chuumon","Chuumon","Nature Spirits","","proposed_from_element_and_form_theme","No exact Wikimon category-name match for this Cyber Sleuth localization or one-off form; proposed from its source element and form theme.","https://wikimon.net/Field"
"craniamon","Craniamon","Nature Spirits","","proposed_from_element_and_form_theme","No exact Wikimon category-name match for this Cyber Sleuth localization or one-off form; proposed from its source element and form theme.","https://wikimon.net/Field"
"creepymon","Creepymon","Nightmare Soldiers","","proposed_from_element_and_form_theme","No exact Wikimon category-name match for this Cyber Sleuth localization or one-off form; proposed from its source element and form theme.","https://wikimon.net/Field"
"crowmon","Crowmon","Wind Guardians","","proposed_from_element_and_form_theme","No exact Wikimon category-name match for this Cyber Sleuth localization or one-off form; proposed from its source element and form theme.","https://wikimon.net/Field"
"crusadermon","Crusadermon","Nightmare Soldiers","","proposed_from_element_and_form_theme","No exact Wikimon category-name match for this Cyber Sleuth localization or one-off form; proposed from its source element and form theme.","https://wikimon.net/Field"
"crusadermon_nx","Crusadermon NX","Nightmare Soldiers","","proposed_from_element_and_form_theme","No exact Wikimon category-name match for this Cyber Sleuth localization or one-off form; proposed from its source element and form theme.","https://wikimon.net/Field"
"cyberdramon","Cyberdramon","Dragon's Roar","Dragon's Roar | Metal Empire | Nature Spirits | Virus Busters | Wind Guardians","proposed_from_multiple_official_fields","Multiple official Field categories apply; the selected primary family is shown for this conversion.","https://wikimon.net/Category:Dragon%27s_Roar | https://wikimon.net/Category:Metal_Empire | https://wikimon.net/Category:Nature_Spirits | https://wikimon.net/Category:Virus_Busters | https://wikimon.net/Category:Wind_Guardians"
"cyclonemon","Cyclonemon","Nature Spirits","","proposed_from_element_and_form_theme","No exact Wikimon category-name match for this Cyber Sleuth localization or one-off form; proposed from its source element and form theme.","https://wikimon.net/Field"
"darkdramon","Darkdramon","Metal Empire","Dark Area | Metal Empire","proposed_from_multiple_official_fields","Multiple official Field categories apply; the selected primary family is shown for this conversion.","https://wikimon.net/Category:Dark_Area | https://wikimon.net/Category:Metal_Empire"
"datamon","Datamon","Metal Empire","","proposed_from_element_and_form_theme","No exact Wikimon category-name match for this Cyber Sleuth localization or one-off form; proposed from its source element and form theme.","https://wikimon.net/Field"
"demidevimon","DemiDevimon","Nightmare Soldiers","","proposed_from_element_and_form_theme","No exact Wikimon category-name match for this Cyber Sleuth localization or one-off form; proposed from its source element and form theme.","https://wikimon.net/Field"
"devimon","Devimon","Nightmare Soldiers","Dark Area | Nightmare Soldiers","proposed_from_multiple_official_fields","Multiple official Field categories apply; the selected primary family is shown for this conversion.","https://wikimon.net/Category:Dark_Area | https://wikimon.net/Category:Nightmare_Soldiers"
"diaboromon","Diaboromon","Nightmare Soldiers","","proposed_from_element_and_form_theme","No exact Wikimon category-name match for this Cyber Sleuth localization or one-off form; proposed from its source element and form theme.","https://wikimon.net/Field"
"dianamon","Dianamon","Deep Savers","Deep Savers | Nature Spirits","proposed_from_multiple_official_fields","Multiple official Field categories apply; the selected primary family is shown for this conversion.","https://wikimon.net/Category:Deep_Savers | https://wikimon.net/Category:Nature_Spirits"
"digitamamon","Digitamamon","Nightmare Soldiers","Nightmare Soldiers | Unknown","proposed_from_multiple_official_fields","Multiple official Field categories apply; the selected primary family is shown for this conversion.","https://wikimon.net/Category:Nightmare_Soldiers | https://wikimon.net/Category:Unknown"
"dinobeemon","Dinobeemon","Jungle Troopers","Jungle Troopers | Metal Empire | Nature Spirits | Nightmare Soldiers | Wind Guardians","proposed_from_multiple_official_fields","Multiple official Field categories apply; the selected primary family is shown for this conversion.","https://wikimon.net/Category:Jungle_Troopers | https://wikimon.net/Category:Metal_Empire | https://wikimon.net/Category:Nature_Spirits | https://wikimon.net/Category:Nightmare_Soldiers | https://wikimon.net/Category:Wind_Guardians"
"dorugamon","Dorugamon","Dragon's Roar","Dragon's Roar | Nature Spirits | Nightmare Soldiers","proposed_from_multiple_official_fields","Multiple official Field categories apply; the selected primary family is shown for this conversion.","https://wikimon.net/Category:Dragon%27s_Roar | https://wikimon.net/Category:Nature_Spirits | https://wikimon.net/Category:Nightmare_Soldiers"
"dorugoramon","Dorugoramon","Dragon's Roar","Dragon's Roar | Nature Spirits","proposed_from_multiple_official_fields","Multiple official Field categories apply; the selected primary family is shown for this conversion.","https://wikimon.net/Category:Dragon%27s_Roar | https://wikimon.net/Category:Nature_Spirits"
"dorugreymon","DoruGreymon","Dragon's Roar","","proposed_from_element_and_form_theme","No exact Wikimon category-name match for this Cyber Sleuth localization or one-off form; proposed from its source element and form theme.","https://wikimon.net/Field"
"dorumon","Dorumon","Dragon's Roar","Dragon's Roar | Nature Spirits | Nightmare Soldiers | Virus Busters","proposed_from_multiple_official_fields","Multiple official Field categories apply; the selected primary family is shown for this conversion.","https://wikimon.net/Category:Dragon%27s_Roar | https://wikimon.net/Category:Nature_Spirits | https://wikimon.net/Category:Nightmare_Soldiers | https://wikimon.net/Category:Virus_Busters"
"dracmon","Dracmon","Nightmare Soldiers","","proposed_from_element_and_form_theme","No exact Wikimon category-name match for this Cyber Sleuth localization or one-off form; proposed from its source element and form theme.","https://wikimon.net/Field"
"dragomon","Dragomon","Deep Savers","","proposed_from_element_and_form_theme","No exact Wikimon category-name match for this Cyber Sleuth localization or one-off form; proposed from its source element and form theme.","https://wikimon.net/Field"
"duramon","Duramon","Metal Empire","Metal Empire | Virus Busters","proposed_from_multiple_official_fields","Multiple official Field categories apply; the selected primary family is shown for this conversion.","https://wikimon.net/Category:Metal_Empire | https://wikimon.net/Category:Virus_Busters"
"ebemon","Ebemon","Metal Empire","Dark Area | Metal Empire | Unknown","proposed_from_multiple_official_fields","Multiple official Field categories apply; the selected primary family is shown for this conversion.","https://wikimon.net/Category:Dark_Area | https://wikimon.net/Category:Metal_Empire | https://wikimon.net/Category:Unknown"
"elecmon","Elecmon","Metal Empire","Deep Savers | Metal Empire | Nature Spirits","proposed_from_multiple_official_fields","Multiple official Field categories apply; the selected primary family is shown for this conversion.","https://wikimon.net/Category:Deep_Savers | https://wikimon.net/Category:Metal_Empire | https://wikimon.net/Category:Nature_Spirits"
"etemon","Etemon","Deep Savers","Deep Savers | Metal Empire | Unknown","proposed_from_multiple_official_fields","Multiple official Field categories apply; the selected primary family is shown for this conversion.","https://wikimon.net/Category:Deep_Savers | https://wikimon.net/Category:Metal_Empire | https://wikimon.net/Category:Unknown"
"examon","Examon","Dragon's Roar","Dragon's Roar | Virus Busters","proposed_from_multiple_official_fields","Multiple official Field categories apply; the selected primary family is shown for this conversion.","https://wikimon.net/Category:Dragon%27s_Roar | https://wikimon.net/Category:Virus_Busters"
"exveemon","ExVeemon","Nature Spirits","","proposed_from_element_and_form_theme","No exact Wikimon category-name match for this Cyber Sleuth localization or one-off form; proposed from its source element and form theme.","https://wikimon.net/Field"
"fanbeemon","FanBeemon","Jungle Troopers","","proposed_from_element_and_form_theme","No exact Wikimon category-name match for this Cyber Sleuth localization or one-off form; proposed from its source element and form theme.","https://wikimon.net/Field"
"flamedramon","Flamedramon","Dragon's Roar","","proposed_from_element_and_form_theme","No exact Wikimon category-name match for this Cyber Sleuth localization or one-off form; proposed from its source element and form theme.","https://wikimon.net/Field"
"frigimon","Frigimon","Deep Savers","","proposed_from_element_and_form_theme","No exact Wikimon category-name match for this Cyber Sleuth localization or one-off form; proposed from its source element and form theme.","https://wikimon.net/Field"
"gabumon","Gabumon","Nature Spirits","Metal Empire | Nature Spirits | Virus Busters | Wind Guardians","proposed_from_multiple_official_fields","Multiple official Field categories apply; the selected primary family is shown for this conversion.","https://wikimon.net/Category:Metal_Empire | https://wikimon.net/Category:Nature_Spirits | https://wikimon.net/Category:Virus_Busters | https://wikimon.net/Category:Wind_Guardians"
"gaiomon","Gaiomon","Dragon's Roar","","proposed_from_element_and_form_theme","No exact Wikimon category-name match for this Cyber Sleuth localization or one-off form; proposed from its source element and form theme.","https://wikimon.net/Field"
"gallantmon","Gallantmon","Virus Busters","","proposed_from_element_and_form_theme","No exact Wikimon category-name match for this Cyber Sleuth localization or one-off form; proposed from its source element and form theme.","https://wikimon.net/Field"
"gallantmon_cm","Gallantmon CM","Virus Busters","","proposed_from_element_and_form_theme","No exact Wikimon category-name match for this Cyber Sleuth localization or one-off form; proposed from its source element and form theme.","https://wikimon.net/Field"
"gallantmon_nx","Gallantmon NX","Virus Busters","","proposed_from_element_and_form_theme","No exact Wikimon category-name match for this Cyber Sleuth localization or one-off form; proposed from its source element and form theme.","https://wikimon.net/Field"
"gaomon","Gaomon","Dragon's Roar","Dragon's Roar | Jungle Troopers | Nature Spirits","proposed_from_multiple_official_fields","Multiple official Field categories apply; the selected primary family is shown for this conversion.","https://wikimon.net/Category:Dragon%27s_Roar | https://wikimon.net/Category:Jungle_Troopers | https://wikimon.net/Category:Nature_Spirits"
"garudamon","Garudamon","Wind Guardians","Virus Busters | Wind Guardians","proposed_from_multiple_official_fields","Multiple official Field categories apply; the selected primary family is shown for this conversion.","https://wikimon.net/Category:Virus_Busters | https://wikimon.net/Category:Wind_Guardians"
"garurumon","Garurumon","Wind Guardians","Metal Empire | Nature Spirits | Nightmare Soldiers | Virus Busters | Wind Guardians","proposed_from_multiple_official_fields","Multiple official Field categories apply; the selected primary family is shown for this conversion.","https://wikimon.net/Category:Metal_Empire | https://wikimon.net/Category:Nature_Spirits | https://wikimon.net/Category:Nightmare_Soldiers | https://wikimon.net/Category:Virus_Busters | https://wikimon.net/Category:Wind_Guardians"
"garurumon_blk","Garurumon (Blk)","Nightmare Soldiers","Nature Spirits | Nightmare Soldiers","proposed_from_multiple_official_fields","Multiple official Field categories apply; the selected primary family is shown for this conversion.","https://wikimon.net/Category:Nature_Spirits | https://wikimon.net/Category:Nightmare_Soldiers"
"gatomon","Gatomon","Virus Busters","Nature Spirits | Nightmare Soldiers | Virus Busters","proposed_from_multiple_official_fields","Multiple official Field categories apply; the selected primary family is shown for this conversion.","https://wikimon.net/Category:Nature_Spirits | https://wikimon.net/Category:Nightmare_Soldiers | https://wikimon.net/Category:Virus_Busters"
"gazimon","Gazimon","Nightmare Soldiers","Nature Spirits | Nightmare Soldiers | Unknown | Wind Guardians","proposed_from_multiple_official_fields","Multiple official Field categories apply; the selected primary family is shown for this conversion.","https://wikimon.net/Category:Nature_Spirits | https://wikimon.net/Category:Nightmare_Soldiers | https://wikimon.net/Category:Unknown | https://wikimon.net/Category:Wind_Guardians"
"geogreymon","GeoGreymon","Dragon's Roar","Dragon's Roar | Nature Spirits | Virus Busters","proposed_from_multiple_official_fields","Multiple official Field categories apply; the selected primary family is shown for this conversion.","https://wikimon.net/Category:Dragon%27s_Roar | https://wikimon.net/Category:Nature_Spirits | https://wikimon.net/Category:Virus_Busters"
"geremon","Geremon","Metal Empire","Metal Empire | Unknown","proposed_from_multiple_official_fields","Multiple official Field categories apply; the selected primary family is shown for this conversion.","https://wikimon.net/Category:Metal_Empire | https://wikimon.net/Category:Unknown"
"gigadramon","Gigadramon","Dragon's Roar","Dragon's Roar | Metal Empire | Wind Guardians","proposed_from_multiple_official_fields","Multiple official Field categories apply; the selected primary family is shown for this conversion.","https://wikimon.net/Category:Dragon%27s_Roar | https://wikimon.net/Category:Metal_Empire | https://wikimon.net/Category:Wind_Guardians"
"ginryumon","Ginryumon","Dragon's Roar","Dragon's Roar | Nature Spirits","proposed_from_multiple_official_fields","Multiple official Field categories apply; the selected primary family is shown for this conversion.","https://wikimon.net/Category:Dragon%27s_Roar | https://wikimon.net/Category:Nature_Spirits"
"goblimon","Goblimon","Nature Spirits","","proposed_from_element_and_form_theme","No exact Wikimon category-name match for this Cyber Sleuth localization or one-off form; proposed from its source element and form theme.","https://wikimon.net/Field"
"goldramon","Goldramon","Virus Busters","","proposed_from_element_and_form_theme","No exact Wikimon category-name match for this Cyber Sleuth localization or one-off form; proposed from its source element and form theme.","https://wikimon.net/Field"
"golemon","Golemon","Metal Empire","Metal Empire | Nature Spirits | Unknown","proposed_from_multiple_official_fields","Multiple official Field categories apply; the selected primary family is shown for this conversion.","https://wikimon.net/Category:Metal_Empire | https://wikimon.net/Category:Nature_Spirits | https://wikimon.net/Category:Unknown"
"gotsumon","Gotsumon","Nature Spirits","","proposed_from_element_and_form_theme","No exact Wikimon category-name match for this Cyber Sleuth localization or one-off form; proposed from its source element and form theme.","https://wikimon.net/Field"
"grademon","Grademon","Metal Empire","Metal Empire | Nature Spirits","proposed_from_multiple_official_fields","Multiple official Field categories apply; the selected primary family is shown for this conversion.","https://wikimon.net/Category:Metal_Empire | https://wikimon.net/Category:Nature_Spirits"
"grandracmon","GranDracmon","Nightmare Soldiers","","proposed_from_element_and_form_theme","No exact Wikimon category-name match for this Cyber Sleuth localization or one-off form; proposed from its source element and form theme.","https://wikimon.net/Field"
"grankuwagamon","GranKuwagamon","Jungle Troopers","Jungle Troopers | Metal Empire | Nature Spirits | Nightmare Soldiers | Wind Guardians","proposed_from_multiple_official_fields","Multiple official Field categories apply; the selected primary family is shown for this conversion.","https://wikimon.net/Category:Jungle_Troopers | https://wikimon.net/Category:Metal_Empire | https://wikimon.net/Category:Nature_Spirits | https://wikimon.net/Category:Nightmare_Soldiers | https://wikimon.net/Category:Wind_Guardians"
"grapleomon","GrapLeomon","Metal Empire","","proposed_from_element_and_form_theme","No exact Wikimon category-name match for this Cyber Sleuth localization or one-off form; proposed from its source element and form theme.","https://wikimon.net/Field"
"greymon","Greymon","Dragon's Roar","Deep Savers | Dragon's Roar | Metal Empire | Nature Spirits | Nightmare Soldiers | Virus Busters","proposed_from_multiple_official_fields","Multiple official Field categories apply; the selected primary family is shown for this conversion.","https://wikimon.net/Category:Deep_Savers | https://wikimon.net/Category:Dragon%27s_Roar | https://wikimon.net/Category:Metal_Empire | https://wikimon.net/Category:Nature_Spirits | https://wikimon.net/Category:Nightmare_Soldiers | https://wikimon.net/Category:Virus_Busters"
"greymon_blue","Greymon (Blue)","Dragon's Roar","Dragon's Roar | Nature Spirits","proposed_from_multiple_official_fields","Multiple official Field categories apply; the selected primary family is shown for this conversion.","https://wikimon.net/Category:Dragon%27s_Roar | https://wikimon.net/Category:Nature_Spirits"
"groundlocomon","GroundLocomon","Metal Empire","","proposed_from_element_and_form_theme","No exact Wikimon category-name match for this Cyber Sleuth localization or one-off form; proposed from its source element and form theme.","https://wikimon.net/Field"
"growlmon","Growlmon","Dragon's Roar","","proposed_from_element_and_form_theme","No exact Wikimon category-name match for this Cyber Sleuth localization or one-off form; proposed from its source element and form theme.","https://wikimon.net/Field"
"gryphonmon","Gryphonmon","Wind Guardians","","proposed_from_element_and_form_theme","No exact Wikimon category-name match for this Cyber Sleuth localization or one-off form; proposed from its source element and form theme.","https://wikimon.net/Field"
"guardromon_gold","Guardromon (Gold)","Metal Empire","","proposed_from_element_and_form_theme","No exact Wikimon category-name match for this Cyber Sleuth localization or one-off form; proposed from its source element and form theme.","https://wikimon.net/Field"
"guilmon","Guilmon","Dragon's Roar","Deep Savers | Dragon's Roar | Metal Empire | Nature Spirits | Virus Busters","proposed_from_multiple_official_fields","Multiple official Field categories apply; the selected primary family is shown for this conversion.","https://wikimon.net/Category:Deep_Savers | https://wikimon.net/Category:Dragon%27s_Roar | https://wikimon.net/Category:Metal_Empire | https://wikimon.net/Category:Nature_Spirits | https://wikimon.net/Category:Virus_Busters"
"hackmon","Hackmon","Dragon's Roar","","proposed_from_element_and_form_theme","No exact Wikimon category-name match for this Cyber Sleuth localization or one-off form; proposed from its source element and form theme.","https://wikimon.net/Field"
"herculeskabuterimon","HerculesKabuterimon","Jungle Troopers","","proposed_from_element_and_form_theme","No exact Wikimon category-name match for this Cyber Sleuth localization or one-off form; proposed from its source element and form theme.","https://wikimon.net/Field"
"hippogryphonmon","HippoGryphonmon","Wind Guardians","","proposed_from_element_and_form_theme","No exact Wikimon category-name match for this Cyber Sleuth localization or one-off form; proposed from its source element and form theme.","https://wikimon.net/Field"
"hisyaryumon","Hisyaryumon","Dragon's Roar","Dragon's Roar | Nature Spirits","proposed_from_multiple_official_fields","Multiple official Field categories apply; the selected primary family is shown for this conversion.","https://wikimon.net/Category:Dragon%27s_Roar | https://wikimon.net/Category:Nature_Spirits"
"hououmon","Hououmon","Wind Guardians","Virus Busters | Wind Guardians","proposed_from_multiple_official_fields","Multiple official Field categories apply; the selected primary family is shown for this conversion.","https://wikimon.net/Category:Virus_Busters | https://wikimon.net/Category:Wind_Guardians"
"icedevimon","IceDevimon","Nightmare Soldiers","Dark Area | Nightmare Soldiers","proposed_from_multiple_official_fields","Multiple official Field categories apply; the selected primary family is shown for this conversion.","https://wikimon.net/Category:Dark_Area | https://wikimon.net/Category:Nightmare_Soldiers"
"icemon","Icemon","Deep Savers","Deep Savers | Nature Spirits | Nightmare Soldiers","proposed_from_multiple_official_fields","Multiple official Field categories apply; the selected primary family is shown for this conversion.","https://wikimon.net/Category:Deep_Savers | https://wikimon.net/Category:Nature_Spirits | https://wikimon.net/Category:Nightmare_Soldiers"
"imperialdramon_dm","Imperialdramon DM","Dragon's Roar","","proposed_from_element_and_form_theme","No exact Wikimon category-name match for this Cyber Sleuth localization or one-off form; proposed from its source element and form theme.","https://wikimon.net/Field"
"imperialdramon_fm","Imperialdramon FM","Dragon's Roar","Dark Area | Dragon's Roar | Metal Empire | Nature Spirits | Nightmare Soldiers | Wind Guardians","proposed_from_multiple_official_fields","Multiple official Field categories apply; the selected primary family is shown for this conversion.","https://wikimon.net/Category:Dark_Area | https://wikimon.net/Category:Dragon%27s_Roar | https://wikimon.net/Category:Metal_Empire | https://wikimon.net/Category:Nature_Spirits | https://wikimon.net/Category:Nightmare_Soldiers | https://wikimon.net/Category:Wind_Guardians"
"imperialdramon_pm","Imperialdramon PM","Virus Busters","","proposed_from_element_and_form_theme","No exact Wikimon category-name match for this Cyber Sleuth localization or one-off form; proposed from its source element and form theme.","https://wikimon.net/Field"
"impmon","Impmon","Nightmare Soldiers","Nightmare Soldiers | Unknown","proposed_from_multiple_official_fields","Multiple official Field categories apply; the selected primary family is shown for this conversion.","https://wikimon.net/Category:Nightmare_Soldiers | https://wikimon.net/Category:Unknown"
"infermon","Infermon","Nightmare Soldiers","Dark Area | Nightmare Soldiers","proposed_from_multiple_official_fields","Multiple official Field categories apply; the selected primary family is shown for this conversion.","https://wikimon.net/Category:Dark_Area | https://wikimon.net/Category:Nightmare_Soldiers"
"justimon","Justimon","Virus Busters","","proposed_from_element_and_form_theme","No exact Wikimon category-name match for this Cyber Sleuth localization or one-off form; proposed from its source element and form theme.","https://wikimon.net/Field"
"kabuterimon","Kabuterimon","Jungle Troopers","Jungle Troopers | Nature Spirits | Wind Guardians","proposed_from_multiple_official_fields","Multiple official Field categories apply; the selected primary family is shown for this conversion.","https://wikimon.net/Category:Jungle_Troopers | https://wikimon.net/Category:Nature_Spirits | https://wikimon.net/Category:Wind_Guardians"
"kaisergreymon","KaiserGreymon","Deep Savers","Deep Savers | Nature Spirits | Nightmare Soldiers | Wind Guardians","proposed_from_multiple_official_fields","Multiple official Field categories apply; the selected primary family is shown for this conversion.","https://wikimon.net/Category:Deep_Savers | https://wikimon.net/Category:Nature_Spirits | https://wikimon.net/Category:Nightmare_Soldiers | https://wikimon.net/Category:Wind_Guardians"
"kendogarurumon","KendoGarurumon","Virus Busters","","proposed_from_element_and_form_theme","No exact Wikimon category-name match for this Cyber Sleuth localization or one-off form; proposed from its source element and form theme.","https://wikimon.net/Field"
"kentaurosmon","Kentaurosmon","Virus Busters","","proposed_from_element_and_form_theme","No exact Wikimon category-name match for this Cyber Sleuth localization or one-off form; proposed from its source element and form theme.","https://wikimon.net/Field"
"keramon","Keramon","Nightmare Soldiers","Dark Area | Nightmare Soldiers","proposed_from_multiple_official_fields","Multiple official Field categories apply; the selected primary family is shown for this conversion.","https://wikimon.net/Category:Dark_Area | https://wikimon.net/Category:Nightmare_Soldiers"
"kerpymon_blk","Kerpymon (Blk)","Nightmare Soldiers","","proposed_from_element_and_form_theme","No exact Wikimon category-name match for this Cyber Sleuth localization or one-off form; proposed from its source element and form theme.","https://wikimon.net/Field"
"kerpymon_good","Kerpymon (Good)","Virus Busters","","proposed_from_element_and_form_theme","No exact Wikimon category-name match for this Cyber Sleuth localization or one-off form; proposed from its source element and form theme.","https://wikimon.net/Field"
"kingetemon","KingEtemon","Metal Empire","Metal Empire | Nightmare Soldiers","proposed_from_multiple_official_fields","Multiple official Field categories apply; the selected primary family is shown for this conversion.","https://wikimon.net/Category:Metal_Empire | https://wikimon.net/Category:Nightmare_Soldiers"
"knightmon","Knightmon","Metal Empire","Metal Empire | Virus Busters","proposed_from_multiple_official_fields","Multiple official Field categories apply; the selected primary family is shown for this conversion.","https://wikimon.net/Category:Metal_Empire | https://wikimon.net/Category:Virus_Busters"
"kuramon","Kuramon","Nature Spirits","","proposed_from_element_and_form_theme","No exact Wikimon category-name match for this Cyber Sleuth localization or one-off form; proposed from its source element and form theme.","https://wikimon.net/Field"
"kurisarimon","Kurisarimon","Nightmare Soldiers","","proposed_from_element_and_form_theme","No exact Wikimon category-name match for this Cyber Sleuth localization or one-off form; proposed from its source element and form theme.","https://wikimon.net/Field"
"kuwagamon","Kuwagamon","Wind Guardians","Nature Spirits | Wind Guardians","proposed_from_multiple_official_fields","Multiple official Field categories apply; the selected primary family is shown for this conversion.","https://wikimon.net/Category:Nature_Spirits | https://wikimon.net/Category:Wind_Guardians"
"kuzuhamon","Kuzuhamon","Nightmare Soldiers","Nightmare Soldiers | Unknown","proposed_from_multiple_official_fields","Multiple official Field categories apply; the selected primary family is shown for this conversion.","https://wikimon.net/Category:Nightmare_Soldiers | https://wikimon.net/Category:Unknown"
"kyubimon","Kyubimon","Wind Guardians","Nature Spirits | Nightmare Soldiers | Wind Guardians","proposed_from_multiple_official_fields","Multiple official Field categories apply; the selected primary family is shown for this conversion.","https://wikimon.net/Category:Nature_Spirits | https://wikimon.net/Category:Nightmare_Soldiers | https://wikimon.net/Category:Wind_Guardians"
"ladydevimon","LadyDevimon","Nightmare Soldiers","Nightmare Soldiers | Unknown","proposed_from_multiple_official_fields","Multiple official Field categories apply; the selected primary family is shown for this conversion.","https://wikimon.net/Category:Nightmare_Soldiers | https://wikimon.net/Category:Unknown"
"lalamon","Lalamon","Jungle Troopers","Jungle Troopers | Nature Spirits | Wind Guardians","proposed_from_multiple_official_fields","Multiple official Field categories apply; the selected primary family is shown for this conversion.","https://wikimon.net/Category:Jungle_Troopers | https://wikimon.net/Category:Nature_Spirits | https://wikimon.net/Category:Wind_Guardians"
"leomon","Leomon","Virus Busters","Nature Spirits | Virus Busters","proposed_from_multiple_official_fields","Multiple official Field categories apply; the selected primary family is shown for this conversion.","https://wikimon.net/Category:Nature_Spirits | https://wikimon.net/Category:Virus_Busters"
"leopardmon","Leopardmon","Virus Busters","","proposed_from_element_and_form_theme","No exact Wikimon category-name match for this Cyber Sleuth localization or one-off form; proposed from its source element and form theme.","https://wikimon.net/Field"
"leopardmon_lm","Leopardmon LM","Nature Spirits","","proposed_from_element_and_form_theme","No exact Wikimon category-name match for this Cyber Sleuth localization or one-off form; proposed from its source element and form theme.","https://wikimon.net/Field"
"leopardmon_nx","Leopardmon NX","Virus Busters","","proposed_from_element_and_form_theme","No exact Wikimon category-name match for this Cyber Sleuth localization or one-off form; proposed from its source element and form theme.","https://wikimon.net/Field"
"leviamon","Leviamon","Deep Savers","Dark Area | Deep Savers | Nightmare Soldiers","proposed_from_multiple_official_fields","Multiple official Field categories apply; the selected primary family is shown for this conversion.","https://wikimon.net/Category:Dark_Area | https://wikimon.net/Category:Deep_Savers | https://wikimon.net/Category:Nightmare_Soldiers"
"lilamon","Lilamon","Jungle Troopers","Jungle Troopers | Nature Spirits | Wind Guardians","proposed_from_multiple_official_fields","Multiple official Field categories apply; the selected primary family is shown for this conversion.","https://wikimon.net/Category:Jungle_Troopers | https://wikimon.net/Category:Nature_Spirits | https://wikimon.net/Category:Wind_Guardians"
"lilithmon","Lilithmon","Nightmare Soldiers","Dark Area | Nightmare Soldiers","proposed_from_multiple_official_fields","Multiple official Field categories apply; the selected primary family is shown for this conversion.","https://wikimon.net/Category:Dark_Area | https://wikimon.net/Category:Nightmare_Soldiers"
"lillymon","Lillymon","Jungle Troopers","","proposed_from_element_and_form_theme","No exact Wikimon category-name match for this Cyber Sleuth localization or one-off form; proposed from its source element and form theme.","https://wikimon.net/Field"
"lobomon","Lobomon","Virus Busters","","proposed_from_element_and_form_theme","No exact Wikimon category-name match for this Cyber Sleuth localization or one-off form; proposed from its source element and form theme.","https://wikimon.net/Field"
"lotosmon","Lotosmon","Jungle Troopers","","proposed_from_element_and_form_theme","No exact Wikimon category-name match for this Cyber Sleuth localization or one-off form; proposed from its source element and form theme.","https://wikimon.net/Field"
"lucemon_fm","Lucemon FM","Nature Spirits","","proposed_from_element_and_form_theme","No exact Wikimon category-name match for this Cyber Sleuth localization or one-off form; proposed from its source element and form theme.","https://wikimon.net/Field"
"lucemon_sm","Lucemon SM","Nightmare Soldiers","","proposed_from_element_and_form_theme","No exact Wikimon category-name match for this Cyber Sleuth localization or one-off form; proposed from its source element and form theme.","https://wikimon.net/Field"
"machinedramon","Machinedramon","Metal Empire","","proposed_from_element_and_form_theme","No exact Wikimon category-name match for this Cyber Sleuth localization or one-off form; proposed from its source element and form theme.","https://wikimon.net/Field"
"magnaangemon","MagnaAngemon","Virus Busters","","proposed_from_element_and_form_theme","No exact Wikimon category-name match for this Cyber Sleuth localization or one-off form; proposed from its source element and form theme.","https://wikimon.net/Field"
"magnadramon","Magnadramon","Virus Busters","","proposed_from_element_and_form_theme","No exact Wikimon category-name match for this Cyber Sleuth localization or one-off form; proposed from its source element and form theme.","https://wikimon.net/Field"
"magnagarurumon","MagnaGarurumon","Virus Busters","Metal Empire | Virus Busters | Wind Guardians","proposed_from_multiple_official_fields","Multiple official Field categories apply; the selected primary family is shown for this conversion.","https://wikimon.net/Category:Metal_Empire | https://wikimon.net/Category:Virus_Busters | https://wikimon.net/Category:Wind_Guardians"
"magnagarurumon_sv","MagnaGarurumon (SV)","Virus Busters","","proposed_from_element_and_form_theme","No exact Wikimon category-name match for this Cyber Sleuth localization or one-off form; proposed from its source element and form theme.","https://wikimon.net/Field"
"magnamon","Magnamon","Metal Empire","Metal Empire | Virus Busters","proposed_from_multiple_official_fields","Multiple official Field categories apply; the selected primary family is shown for this conversion.","https://wikimon.net/Category:Metal_Empire | https://wikimon.net/Category:Virus_Busters"
"mamemon","Mamemon","Metal Empire","Metal Empire | Unknown | Virus Busters","proposed_from_multiple_official_fields","Multiple official Field categories apply; the selected primary family is shown for this conversion.","https://wikimon.net/Category:Metal_Empire | https://wikimon.net/Category:Unknown | https://wikimon.net/Category:Virus_Busters"
"marineangemon","MarineAngemon","Deep Savers","","proposed_from_element_and_form_theme","No exact Wikimon category-name match for this Cyber Sleuth localization or one-off form; proposed from its source element and form theme.","https://wikimon.net/Field"
"mastemon","Mastemon","Virus Busters","Nature Spirits | Nightmare Soldiers | Unknown | Virus Busters","proposed_from_multiple_official_fields","Multiple official Field categories apply; the selected primary family is shown for this conversion.","https://wikimon.net/Category:Nature_Spirits | https://wikimon.net/Category:Nightmare_Soldiers | https://wikimon.net/Category:Unknown | https://wikimon.net/Category:Virus_Busters"
"matadormon","Matadormon","Nightmare Soldiers","","proposed_from_element_and_form_theme","No exact Wikimon category-name match for this Cyber Sleuth localization or one-off form; proposed from its source element and form theme.","https://wikimon.net/Field"
"megadramon","Megadramon","Dragon's Roar","Dragon's Roar | Metal Empire | Wind Guardians","proposed_from_multiple_official_fields","Multiple official Field categories apply; the selected primary family is shown for this conversion.","https://wikimon.net/Category:Dragon%27s_Roar | https://wikimon.net/Category:Metal_Empire | https://wikimon.net/Category:Wind_Guardians"
"megagargomon","MegaGargomon","Metal Empire","","proposed_from_element_and_form_theme","No exact Wikimon category-name match for this Cyber Sleuth localization or one-off form; proposed from its source element and form theme.","https://wikimon.net/Field"
"megakabuterimon","MegaKabuterimon","Jungle Troopers","","proposed_from_element_and_form_theme","No exact Wikimon category-name match for this Cyber Sleuth localization or one-off form; proposed from its source element and form theme.","https://wikimon.net/Field"
"megidramon","Megidramon","Dragon's Roar","Dark Area | Dragon's Roar | Metal Empire | Nightmare Soldiers","proposed_from_multiple_official_fields","Multiple official Field categories apply; the selected primary family is shown for this conversion.","https://wikimon.net/Category:Dark_Area | https://wikimon.net/Category:Dragon%27s_Roar | https://wikimon.net/Category:Metal_Empire | https://wikimon.net/Category:Nightmare_Soldiers"
"meramon","Meramon","Dragon's Roar","Dragon's Roar | Nature Spirits | Nightmare Soldiers","proposed_from_multiple_official_fields","Multiple official Field categories apply; the selected primary family is shown for this conversion.","https://wikimon.net/Category:Dragon%27s_Roar | https://wikimon.net/Category:Nature_Spirits | https://wikimon.net/Category:Nightmare_Soldiers"
"merukimon","Merukimon","Wind Guardians","","proposed_from_element_and_form_theme","No exact Wikimon category-name match for this Cyber Sleuth localization or one-off form; proposed from its source element and form theme.","https://wikimon.net/Field"
"metaletemon","MetalEtemon","Metal Empire","Metal Empire | Nature Spirits","proposed_from_multiple_official_fields","Multiple official Field categories apply; the selected primary family is shown for this conversion.","https://wikimon.net/Category:Metal_Empire | https://wikimon.net/Category:Nature_Spirits"
"metalgarurumon","MetalGarurumon","Metal Empire","Metal Empire | Nature Spirits | Virus Busters | Wind Guardians","proposed_from_multiple_official_fields","Multiple official Field categories apply; the selected primary family is shown for this conversion.","https://wikimon.net/Category:Metal_Empire | https://wikimon.net/Category:Nature_Spirits | https://wikimon.net/Category:Virus_Busters | https://wikimon.net/Category:Wind_Guardians"
"metalgreymon","MetalGreymon","Dragon's Roar","Deep Savers | Dragon's Roar | Metal Empire | Nature Spirits | Nightmare Soldiers | Virus Busters","proposed_from_multiple_official_fields","Multiple official Field categories apply; the selected primary family is shown for this conversion.","https://wikimon.net/Category:Deep_Savers | https://wikimon.net/Category:Dragon%27s_Roar | https://wikimon.net/Category:Metal_Empire | https://wikimon.net/Category:Nature_Spirits | https://wikimon.net/Category:Nightmare_Soldiers | https://wikimon.net/Category:Virus_Busters"
"metalgreymon_blue","MetalGreymon (Blue)","Dragon's Roar","","proposed_from_element_and_form_theme","No exact Wikimon category-name match for this Cyber Sleuth localization or one-off form; proposed from its source element and form theme.","https://wikimon.net/Field"
"metalmamemon","MetalMamemon","Metal Empire","Metal Empire | Virus Busters","proposed_from_multiple_official_fields","Multiple official Field categories apply; the selected primary family is shown for this conversion.","https://wikimon.net/Category:Metal_Empire | https://wikimon.net/Category:Virus_Busters"
"metalseadramon","MetalSeadramon","Deep Savers","Deep Savers | Metal Empire","proposed_from_multiple_official_fields","Multiple official Field categories apply; the selected primary family is shown for this conversion.","https://wikimon.net/Category:Deep_Savers | https://wikimon.net/Category:Metal_Empire"
"metaltyrannomon","MetalTyrannomon","Metal Empire","","proposed_from_element_and_form_theme","No exact Wikimon category-name match for this Cyber Sleuth localization or one-off form; proposed from its source element and form theme.","https://wikimon.net/Field"
"meteormon","Meteormon","Nature Spirits","","proposed_from_element_and_form_theme","No exact Wikimon category-name match for this Cyber Sleuth localization or one-off form; proposed from its source element and form theme.","https://wikimon.net/Field"
"monodramon","Monodramon","Dragon's Roar","Dragon's Roar | Metal Empire | Nature Spirits","proposed_from_multiple_official_fields","Multiple official Field categories apply; the selected primary family is shown for this conversion.","https://wikimon.net/Category:Dragon%27s_Roar | https://wikimon.net/Category:Metal_Empire | https://wikimon.net/Category:Nature_Spirits"
"motimon","Motimon","Nature Spirits","","proposed_from_element_and_form_theme","No exact Wikimon category-name match for this Cyber Sleuth localization or one-off form; proposed from its source element and form theme.","https://wikimon.net/Field"
"mudfrigimon","MudFrigimon","Nature Spirits","","proposed_from_element_and_form_theme","No exact Wikimon category-name match for this Cyber Sleuth localization or one-off form; proposed from its source element and form theme.","https://wikimon.net/Field"
"mushroomon","Mushroomon","Jungle Troopers","","proposed_from_element_and_form_theme","No exact Wikimon category-name match for this Cyber Sleuth localization or one-off form; proposed from its source element and form theme.","https://wikimon.net/Field"
"myotismon","Myotismon","Nightmare Soldiers","","proposed_from_element_and_form_theme","No exact Wikimon category-name match for this Cyber Sleuth localization or one-off form; proposed from its source element and form theme.","https://wikimon.net/Field"
"nanimon","Nanimon","Nightmare Soldiers","Nightmare Soldiers | Unknown","proposed_from_multiple_official_fields","Multiple official Field categories apply; the selected primary family is shown for this conversion.","https://wikimon.net/Category:Nightmare_Soldiers | https://wikimon.net/Category:Unknown"
"numemon","Numemon","Metal Empire","Metal Empire | Nature Spirits | Nightmare Soldiers | Unknown","proposed_from_multiple_official_fields","Multiple official Field categories apply; the selected primary family is shown for this conversion.","https://wikimon.net/Category:Metal_Empire | https://wikimon.net/Category:Nature_Spirits | https://wikimon.net/Category:Nightmare_Soldiers | https://wikimon.net/Category:Unknown"
"ogremon","Ogremon","Nature Spirits","","proposed_from_element_and_form_theme","No exact Wikimon category-name match for this Cyber Sleuth localization or one-off form; proposed from its source element and form theme.","https://wikimon.net/Field"
"okuwamon","Okuwamon","Nightmare Soldiers","Nature Spirits | Nightmare Soldiers","proposed_from_multiple_official_fields","Multiple official Field categories apply; the selected primary family is shown for this conversion.","https://wikimon.net/Category:Nature_Spirits | https://wikimon.net/Category:Nightmare_Soldiers"
"omnimon","Omnimon","Virus Busters","","proposed_from_element_and_form_theme","No exact Wikimon category-name match for this Cyber Sleuth localization or one-off form; proposed from its source element and form theme.","https://wikimon.net/Field"
"omnimon_nx","Omnimon NX","Virus Busters","","proposed_from_element_and_form_theme","No exact Wikimon category-name match for this Cyber Sleuth localization or one-off form; proposed from its source element and form theme.","https://wikimon.net/Field"
"omnimon_zwart","Omnimon Zwart","Nightmare Soldiers","","proposed_from_element_and_form_theme","No exact Wikimon category-name match for this Cyber Sleuth localization or one-off form; proposed from its source element and form theme.","https://wikimon.net/Field"
"omnishoutmon","OmniShoutmon","Dragon's Roar","","proposed_from_element_and_form_theme","No exact Wikimon category-name match for this Cyber Sleuth localization or one-off form; proposed from its source element and form theme.","https://wikimon.net/Field"
"ophanimon","Ophanimon","Virus Busters","","proposed_from_element_and_form_theme","No exact Wikimon category-name match for this Cyber Sleuth localization or one-off form; proposed from its source element and form theme.","https://wikimon.net/Field"
"otamamon","Otamamon","Deep Savers","Deep Savers | Nature Spirits","proposed_from_multiple_official_fields","Multiple official Field categories apply; the selected primary family is shown for this conversion.","https://wikimon.net/Category:Deep_Savers | https://wikimon.net/Category:Nature_Spirits"
"ouryumon","Ouryumon","Dragon's Roar","Dragon's Roar | Nature Spirits","proposed_from_multiple_official_fields","Multiple official Field categories apply; the selected primary family is shown for this conversion.","https://wikimon.net/Category:Dragon%27s_Roar | https://wikimon.net/Category:Nature_Spirits"
"pabumon","Pabumon","Nature Spirits","","proposed_from_element_and_form_theme","No exact Wikimon category-name match for this Cyber Sleuth localization or one-off form; proposed from its source element and form theme.","https://wikimon.net/Field"
"pagumon","Pagumon","Nightmare Soldiers","","proposed_from_element_and_form_theme","No exact Wikimon category-name match for this Cyber Sleuth localization or one-off form; proposed from its source element and form theme.","https://wikimon.net/Field"
"paildramon","Paildramon","Dragon's Roar","Dragon's Roar | Metal Empire | Nature Spirits | Nightmare Soldiers | Wind Guardians","proposed_from_multiple_official_fields","Multiple official Field categories apply; the selected primary family is shown for this conversion.","https://wikimon.net/Category:Dragon%27s_Roar | https://wikimon.net/Category:Metal_Empire | https://wikimon.net/Category:Nature_Spirits | https://wikimon.net/Category:Nightmare_Soldiers | https://wikimon.net/Category:Wind_Guardians"
"palmon","Palmon","Jungle Troopers","Jungle Troopers | Nature Spirits | Wind Guardians","proposed_from_multiple_official_fields","Multiple official Field categories apply; the selected primary family is shown for this conversion.","https://wikimon.net/Category:Jungle_Troopers | https://wikimon.net/Category:Nature_Spirits | https://wikimon.net/Category:Wind_Guardians"
"pandamon","Pandamon","Metal Empire","Metal Empire | Unknown","proposed_from_multiple_official_fields","Multiple official Field categories apply; the selected primary family is shown for this conversion.","https://wikimon.net/Category:Metal_Empire | https://wikimon.net/Category:Unknown"
"panjyamon","Panjyamon","Virus Busters","Nature Spirits | Nightmare Soldiers | Virus Busters","proposed_from_multiple_official_fields","Multiple official Field categories apply; the selected primary family is shown for this conversion.","https://wikimon.net/Category:Nature_Spirits | https://wikimon.net/Category:Nightmare_Soldiers | https://wikimon.net/Category:Virus_Busters"
"patamon","Patamon","Virus Busters","Jungle Troopers | Nature Spirits | Virus Busters | Wind Guardians","proposed_from_multiple_official_fields","Multiple official Field categories apply; the selected primary family is shown for this conversion.","https://wikimon.net/Category:Jungle_Troopers | https://wikimon.net/Category:Nature_Spirits | https://wikimon.net/Category:Virus_Busters | https://wikimon.net/Category:Wind_Guardians"
"phantomon","Phantomon","Nightmare Soldiers","","proposed_from_element_and_form_theme","No exact Wikimon category-name match for this Cyber Sleuth localization or one-off form; proposed from its source element and form theme.","https://wikimon.net/Field"
"piedmon","Piedmon","Nightmare Soldiers","","proposed_from_element_and_form_theme","No exact Wikimon category-name match for this Cyber Sleuth localization or one-off form; proposed from its source element and form theme.","https://wikimon.net/Field"
"piximon","Piximon","Virus Busters","","proposed_from_element_and_form_theme","No exact Wikimon category-name match for this Cyber Sleuth localization or one-off form; proposed from its source element and form theme.","https://wikimon.net/Field"
"platinumnumemon","PlatinumNumemon","Metal Empire","Metal Empire | Nightmare Soldiers","proposed_from_multiple_official_fields","Multiple official Field categories apply; the selected primary family is shown for this conversion.","https://wikimon.net/Category:Metal_Empire | https://wikimon.net/Category:Nightmare_Soldiers"
"platinumsukamon","PlatinumSukamon","Nature Spirits","","proposed_from_element_and_form_theme","No exact Wikimon category-name match for this Cyber Sleuth localization or one-off form; proposed from its source element and form theme.","https://wikimon.net/Field"
"princemamemon","PrinceMamemon","Metal Empire","Dark Area | Metal Empire | Unknown | Virus Busters","proposed_from_multiple_official_fields","Multiple official Field categories apply; the selected primary family is shown for this conversion.","https://wikimon.net/Category:Dark_Area | https://wikimon.net/Category:Metal_Empire | https://wikimon.net/Category:Unknown | https://wikimon.net/Category:Virus_Busters"
"pumpkinmon","Pumpkinmon","Nature Spirits","","proposed_from_element_and_form_theme","No exact Wikimon category-name match for this Cyber Sleuth localization or one-off form; proposed from its source element and form theme.","https://wikimon.net/Field"
"punimon","Punimon","Nature Spirits","","proposed_from_element_and_form_theme","No exact Wikimon category-name match for this Cyber Sleuth localization or one-off form; proposed from its source element and form theme.","https://wikimon.net/Field"
"puppetmon","Puppetmon","Jungle Troopers","","proposed_from_element_and_form_theme","No exact Wikimon category-name match for this Cyber Sleuth localization or one-off form; proposed from its source element and form theme.","https://wikimon.net/Field"
"rapidmon","Rapidmon","Metal Empire","","proposed_from_element_and_form_theme","No exact Wikimon category-name match for this Cyber Sleuth localization or one-off form; proposed from its source element and form theme.","https://wikimon.net/Field"
"rapidmon_armor","Rapidmon (Armor)","Virus Busters","Metal Empire | Virus Busters","proposed_from_multiple_official_fields","Multiple official Field categories apply; the selected primary family is shown for this conversion.","https://wikimon.net/Category:Metal_Empire | https://wikimon.net/Category:Virus_Busters"
"raptordramon","Raptordramon","Dragon's Roar","Dragon's Roar | Metal Empire | Nature Spirits | Virus Busters","proposed_from_multiple_official_fields","Multiple official Field categories apply; the selected primary family is shown for this conversion.","https://wikimon.net/Category:Dragon%27s_Roar | https://wikimon.net/Category:Metal_Empire | https://wikimon.net/Category:Nature_Spirits | https://wikimon.net/Category:Virus_Busters"
"raremon","Raremon","Metal Empire","Metal Empire | Nightmare Soldiers","proposed_from_multiple_official_fields","Multiple official Field categories apply; the selected primary family is shown for this conversion.","https://wikimon.net/Category:Metal_Empire | https://wikimon.net/Category:Nightmare_Soldiers"
"ravemon","Ravemon","Wind Guardians","","proposed_from_element_and_form_theme","No exact Wikimon category-name match for this Cyber Sleuth localization or one-off form; proposed from its source element and form theme.","https://wikimon.net/Field"
"ravemon_bm","Ravemon BM","Wind Guardians","","proposed_from_element_and_form_theme","No exact Wikimon category-name match for this Cyber Sleuth localization or one-off form; proposed from its source element and form theme.","https://wikimon.net/Field"
"renamon","Renamon","Nightmare Soldiers","Nature Spirits | Nightmare Soldiers","proposed_from_multiple_official_fields","Multiple official Field categories apply; the selected primary family is shown for this conversion.","https://wikimon.net/Category:Nature_Spirits | https://wikimon.net/Category:Nightmare_Soldiers"
"reppamon","Reppamon","Virus Busters","Virus Busters | Wind Guardians","proposed_from_multiple_official_fields","Multiple official Field categories apply; the selected primary family is shown for this conversion.","https://wikimon.net/Category:Virus_Busters | https://wikimon.net/Category:Wind_Guardians"
"rizegreymon","RizeGreymon","Dragon's Roar","Dragon's Roar | Metal Empire | Virus Busters","proposed_from_multiple_official_fields","Multiple official Field categories apply; the selected primary family is shown for this conversion.","https://wikimon.net/Category:Dragon%27s_Roar | https://wikimon.net/Category:Metal_Empire | https://wikimon.net/Category:Virus_Busters"
"rosemon","Rosemon","Jungle Troopers","Jungle Troopers | Nightmare Soldiers | Wind Guardians","proposed_from_multiple_official_fields","Multiple official Field categories apply; the selected primary family is shown for this conversion.","https://wikimon.net/Category:Jungle_Troopers | https://wikimon.net/Category:Nightmare_Soldiers | https://wikimon.net/Category:Wind_Guardians"
"rosemon_bm","Rosemon BM","Jungle Troopers","Jungle Troopers | Wind Guardians","proposed_from_multiple_official_fields","Multiple official Field categories apply; the selected primary family is shown for this conversion.","https://wikimon.net/Category:Jungle_Troopers | https://wikimon.net/Category:Wind_Guardians"
"ryudamon","Ryudamon","Dragon's Roar","Dragon's Roar | Nature Spirits","proposed_from_multiple_official_fields","Multiple official Field categories apply; the selected primary family is shown for this conversion.","https://wikimon.net/Category:Dragon%27s_Roar | https://wikimon.net/Category:Nature_Spirits"
"saberleomon","SaberLeomon","Virus Busters","Nature Spirits | Virus Busters","proposed_from_multiple_official_fields","Multiple official Field categories apply; the selected primary family is shown for this conversion.","https://wikimon.net/Category:Nature_Spirits | https://wikimon.net/Category:Virus_Busters"
"sakuyamon","Sakuyamon","Virus Busters","Nature Spirits | Nightmare Soldiers | Virus Busters | Wind Guardians","proposed_from_multiple_official_fields","Multiple official Field categories apply; the selected primary family is shown for this conversion.","https://wikimon.net/Category:Nature_Spirits | https://wikimon.net/Category:Nightmare_Soldiers | https://wikimon.net/Category:Virus_Busters | https://wikimon.net/Category:Wind_Guardians"
"salamon","Salamon","Virus Busters","","proposed_from_element_and_form_theme","No exact Wikimon category-name match for this Cyber Sleuth localization or one-off form; proposed from its source element and form theme.","https://wikimon.net/Field"
"sangloupmon","Sangloupmon","Nightmare Soldiers","Dark Area | Nightmare Soldiers","proposed_from_multiple_official_fields","Multiple official Field categories apply; the selected primary family is shown for this conversion.","https://wikimon.net/Category:Dark_Area | https://wikimon.net/Category:Nightmare_Soldiers"
"saviorhuckmon","SaviorHuckmon","Metal Empire","Metal Empire | Virus Busters","proposed_from_multiple_official_fields","Multiple official Field categories apply; the selected primary family is shown for this conversion.","https://wikimon.net/Category:Metal_Empire | https://wikimon.net/Category:Virus_Busters"
"seraphimon","Seraphimon","Virus Busters","Virus Busters | Wind Guardians","proposed_from_multiple_official_fields","Multiple official Field categories apply; the selected primary family is shown for this conversion.","https://wikimon.net/Category:Virus_Busters | https://wikimon.net/Category:Wind_Guardians"
"shakkoumon","Shakkoumon","Virus Busters","Deep Savers | Metal Empire | Unknown | Virus Busters","proposed_from_multiple_official_fields","Multiple official Field categories apply; the selected primary family is shown for this conversion.","https://wikimon.net/Category:Deep_Savers | https://wikimon.net/Category:Metal_Empire | https://wikimon.net/Category:Unknown | https://wikimon.net/Category:Virus_Busters"
"shellnumemon","ShellNumemon","Deep Savers","","proposed_from_element_and_form_theme","No exact Wikimon category-name match for this Cyber Sleuth localization or one-off form; proposed from its source element and form theme.","https://wikimon.net/Field"
"shinegreymon","ShineGreymon","Dragon's Roar","Dragon's Roar | Nature Spirits | Virus Busters","proposed_from_multiple_official_fields","Multiple official Field categories apply; the selected primary family is shown for this conversion.","https://wikimon.net/Category:Dragon%27s_Roar | https://wikimon.net/Category:Nature_Spirits | https://wikimon.net/Category:Virus_Busters"
"shinegreymon_bm","ShineGreymon BM","Dragon's Roar","Dragon's Roar | Nature Spirits","proposed_from_multiple_official_fields","Multiple official Field categories apply; the selected primary family is shown for this conversion.","https://wikimon.net/Category:Dragon%27s_Roar | https://wikimon.net/Category:Nature_Spirits"
"shogungekomon","ShogunGekomon","Deep Savers","","proposed_from_element_and_form_theme","No exact Wikimon category-name match for this Cyber Sleuth localization or one-off form; proposed from its source element and form theme.","https://wikimon.net/Field"
"shoutmon","Shoutmon","Virus Busters","Nature Spirits | Virus Busters","proposed_from_multiple_official_fields","Multiple official Field categories apply; the selected primary family is shown for this conversion.","https://wikimon.net/Category:Nature_Spirits | https://wikimon.net/Category:Virus_Busters"
"silphymon","Silphymon","Wind Guardians","Nature Spirits | Virus Busters | Wind Guardians","proposed_from_multiple_official_fields","Multiple official Field categories apply; the selected primary family is shown for this conversion.","https://wikimon.net/Category:Nature_Spirits | https://wikimon.net/Category:Virus_Busters | https://wikimon.net/Category:Wind_Guardians"
"sistermon_b_awake","Sistermon B (Awake.)","Virus Busters","","proposed_from_element_and_form_theme","No exact Wikimon category-name match for this Cyber Sleuth localization or one-off form; proposed from its source element and form theme.","https://wikimon.net/Field"
"sistermon_c_awake","Sistermon C (Awake.)","Virus Busters","","proposed_from_element_and_form_theme","No exact Wikimon category-name match for this Cyber Sleuth localization or one-off form; proposed from its source element and form theme.","https://wikimon.net/Field"
"sistermon_ciel","Sistermon Ciel","Virus Busters","","proposed_from_element_and_form_theme","No exact Wikimon category-name match for this Cyber Sleuth localization or one-off form; proposed from its source element and form theme.","https://wikimon.net/Field"
"skullgreymon","SkullGreymon","Dragon's Roar","Dragon's Roar | Nightmare Soldiers","proposed_from_multiple_official_fields","Multiple official Field categories apply; the selected primary family is shown for this conversion.","https://wikimon.net/Category:Dragon%27s_Roar | https://wikimon.net/Category:Nightmare_Soldiers"
"skullmeramon","SkullMeramon","Dragon's Roar","","proposed_from_element_and_form_theme","No exact Wikimon category-name match for this Cyber Sleuth localization or one-off form; proposed from its source element and form theme.","https://wikimon.net/Field"
"socerimon","Socerimon","Deep Savers","","proposed_from_element_and_form_theme","No exact Wikimon category-name match for this Cyber Sleuth localization or one-off form; proposed from its source element and form theme.","https://wikimon.net/Field"
"solarmon","Solarmon","Virus Busters","Metal Empire | Virus Busters","proposed_from_multiple_official_fields","Multiple official Field categories apply; the selected primary family is shown for this conversion.","https://wikimon.net/Category:Metal_Empire | https://wikimon.net/Category:Virus_Busters"
"starmon","Starmon","Deep Savers","Deep Savers | Metal Empire | Nature Spirits | Nightmare Soldiers","proposed_from_multiple_official_fields","Multiple official Field categories apply; the selected primary family is shown for this conversion.","https://wikimon.net/Category:Deep_Savers | https://wikimon.net/Category:Metal_Empire | https://wikimon.net/Category:Nature_Spirits | https://wikimon.net/Category:Nightmare_Soldiers"
"stingmon","Stingmon","Jungle Troopers","Jungle Troopers | Nature Spirits | Nightmare Soldiers | Wind Guardians","proposed_from_multiple_official_fields","Multiple official Field categories apply; the selected primary family is shown for this conversion.","https://wikimon.net/Category:Jungle_Troopers | https://wikimon.net/Category:Nature_Spirits | https://wikimon.net/Category:Nightmare_Soldiers | https://wikimon.net/Category:Wind_Guardians"
"strikedramon","Strikedramon","Metal Empire","Metal Empire | Nature Spirits","proposed_from_multiple_official_fields","Multiple official Field categories apply; the selected primary family is shown for this conversion.","https://wikimon.net/Category:Metal_Empire | https://wikimon.net/Category:Nature_Spirits"
"sukamon","Sukamon","Nature Spirits","","proposed_from_element_and_form_theme","No exact Wikimon category-name match for this Cyber Sleuth localization or one-off form; proposed from its source element and form theme.","https://wikimon.net/Field"
"superstarmon","SuperStarmon","Metal Empire","Metal Empire | Nature Spirits","proposed_from_multiple_official_fields","Multiple official Field categories apply; the selected primary family is shown for this conversion.","https://wikimon.net/Category:Metal_Empire | https://wikimon.net/Category:Nature_Spirits"
"susanomon","Susanomon","Virus Busters","","proposed_from_element_and_form_theme","No exact Wikimon category-name match for this Cyber Sleuth localization or one-off form; proposed from its source element and form theme.","https://wikimon.net/Field"
"syakomon","Syakomon","Deep Savers","","proposed_from_element_and_form_theme","No exact Wikimon category-name match for this Cyber Sleuth localization or one-off form; proposed from its source element and form theme.","https://wikimon.net/Field"
"tanemon","Tanemon","Jungle Troopers","","proposed_from_element_and_form_theme","No exact Wikimon category-name match for this Cyber Sleuth localization or one-off form; proposed from its source element and form theme.","https://wikimon.net/Field"
"taomon","Taomon","Nightmare Soldiers","Nature Spirits | Nightmare Soldiers | Virus Busters | Wind Guardians","proposed_from_multiple_official_fields","Multiple official Field categories apply; the selected primary family is shown for this conversion.","https://wikimon.net/Category:Nature_Spirits | https://wikimon.net/Category:Nightmare_Soldiers | https://wikimon.net/Category:Virus_Busters | https://wikimon.net/Category:Wind_Guardians"
"tentomon","Tentomon","Jungle Troopers","Jungle Troopers | Metal Empire | Nature Spirits","proposed_from_multiple_official_fields","Multiple official Field categories apply; the selected primary family is shown for this conversion.","https://wikimon.net/Category:Jungle_Troopers | https://wikimon.net/Category:Metal_Empire | https://wikimon.net/Category:Nature_Spirits"
"terriermon","Terriermon","Wind Guardians","Metal Empire | Nature Spirits | Virus Busters | Wind Guardians","proposed_from_multiple_official_fields","Multiple official Field categories apply; the selected primary family is shown for this conversion.","https://wikimon.net/Category:Metal_Empire | https://wikimon.net/Category:Nature_Spirits | https://wikimon.net/Category:Virus_Busters | https://wikimon.net/Category:Wind_Guardians"
"tigervespamon","TigerVespamon","Metal Empire","Jungle Troopers | Metal Empire | Wind Guardians","proposed_from_multiple_official_fields","Multiple official Field categories apply; the selected primary family is shown for this conversion.","https://wikimon.net/Category:Jungle_Troopers | https://wikimon.net/Category:Metal_Empire | https://wikimon.net/Category:Wind_Guardians"
"titamon","Titamon","Nightmare Soldiers","Dark Area | Nightmare Soldiers","proposed_from_multiple_official_fields","Multiple official Field categories apply; the selected primary family is shown for this conversion.","https://wikimon.net/Category:Dark_Area | https://wikimon.net/Category:Nightmare_Soldiers"
"togemon","Togemon","Jungle Troopers","Jungle Troopers | Nature Spirits | Wind Guardians","proposed_from_multiple_official_fields","Multiple official Field categories apply; the selected primary family is shown for this conversion.","https://wikimon.net/Category:Jungle_Troopers | https://wikimon.net/Category:Nature_Spirits | https://wikimon.net/Category:Wind_Guardians"
"triceramon","Triceramon","Nightmare Soldiers","Nature Spirits | Nightmare Soldiers","proposed_from_multiple_official_fields","Multiple official Field categories apply; the selected primary family is shown for this conversion.","https://wikimon.net/Category:Nature_Spirits | https://wikimon.net/Category:Nightmare_Soldiers"
"tsumemon","Tsumemon","Nightmare Soldiers","","proposed_from_element_and_form_theme","No exact Wikimon category-name match for this Cyber Sleuth localization or one-off form; proposed from its source element and form theme.","https://wikimon.net/Field"
"tsunomon","Tsunomon","Nature Spirits","","proposed_from_element_and_form_theme","No exact Wikimon category-name match for this Cyber Sleuth localization or one-off form; proposed from its source element and form theme.","https://wikimon.net/Field"
"turuiemon","Turuiemon","Nature Spirits","Nature Spirits | Unknown","proposed_from_multiple_official_fields","Multiple official Field categories apply; the selected primary family is shown for this conversion.","https://wikimon.net/Category:Nature_Spirits | https://wikimon.net/Category:Unknown"
"tyrannomon","Tyrannomon","Dragon's Roar","","proposed_from_element_and_form_theme","No exact Wikimon category-name match for this Cyber Sleuth localization or one-off form; proposed from its source element and form theme.","https://wikimon.net/Field"
"ulforceveedramon","UlforceVeedramon","Dragon's Roar","Dragon's Roar | Nature Spirits | Virus Busters | Wind Guardians","proposed_from_multiple_official_fields","Multiple official Field categories apply; the selected primary family is shown for this conversion.","https://wikimon.net/Category:Dragon%27s_Roar | https://wikimon.net/Category:Nature_Spirits | https://wikimon.net/Category:Virus_Busters | https://wikimon.net/Category:Wind_Guardians"
"unimon","Unimon","Wind Guardians","Nature Spirits | Virus Busters | Wind Guardians","proposed_from_multiple_official_fields","Multiple official Field categories apply; the selected primary family is shown for this conversion.","https://wikimon.net/Category:Nature_Spirits | https://wikimon.net/Category:Virus_Busters | https://wikimon.net/Category:Wind_Guardians"
"vademon","Vademon","Dark Area","Dark Area | Unknown","proposed_from_multiple_official_fields","Multiple official Field categories apply; the selected primary family is shown for this conversion.","https://wikimon.net/Category:Dark_Area | https://wikimon.net/Category:Unknown"
"valkyrimon","Valkyrimon","Wind Guardians","Nature Spirits | Virus Busters | Wind Guardians","proposed_from_multiple_official_fields","Multiple official Field categories apply; the selected primary family is shown for this conversion.","https://wikimon.net/Category:Nature_Spirits | https://wikimon.net/Category:Virus_Busters | https://wikimon.net/Category:Wind_Guardians"
"varodurumon","Varodurumon","Virus Busters","","proposed_from_element_and_form_theme","No exact Wikimon category-name match for this Cyber Sleuth localization or one-off form; proposed from its source element and form theme.","https://wikimon.net/Field"
"veedramon","Veedramon","Dragon's Roar","Dragon's Roar | Nature Spirits | Virus Busters | Wind Guardians","proposed_from_multiple_official_fields","Multiple official Field categories apply; the selected primary family is shown for this conversion.","https://wikimon.net/Category:Dragon%27s_Roar | https://wikimon.net/Category:Nature_Spirits | https://wikimon.net/Category:Virus_Busters | https://wikimon.net/Category:Wind_Guardians"
"veemon","Veemon","Nature Spirits","","proposed_from_element_and_form_theme","No exact Wikimon category-name match for this Cyber Sleuth localization or one-off form; proposed from its source element and form theme.","https://wikimon.net/Field"
"vegiemon","Vegiemon","Jungle Troopers","","proposed_from_element_and_form_theme","No exact Wikimon category-name match for this Cyber Sleuth localization or one-off form; proposed from its source element and form theme.","https://wikimon.net/Field"
"venommyotismon","VenomMyotismon","Nightmare Soldiers","","proposed_from_element_and_form_theme","No exact Wikimon category-name match for this Cyber Sleuth localization or one-off form; proposed from its source element and form theme.","https://wikimon.net/Field"
"vikemon","Vikemon","Deep Savers","Deep Savers | Nature Spirits","proposed_from_multiple_official_fields","Multiple official Field categories apply; the selected primary family is shown for this conversion.","https://wikimon.net/Category:Deep_Savers | https://wikimon.net/Category:Nature_Spirits"
"volcanomon","Volcanomon","Dragon's Roar","","proposed_from_element_and_form_theme","No exact Wikimon category-name match for this Cyber Sleuth localization or one-off form; proposed from its source element and form theme.","https://wikimon.net/Field"
"wargreymon","WarGreymon","Dragon's Roar","Deep Savers | Dragon's Roar | Metal Empire | Nature Spirits | Nightmare Soldiers | Virus Busters","proposed_from_multiple_official_fields","Multiple official Field categories apply; the selected primary family is shown for this conversion.","https://wikimon.net/Category:Deep_Savers | https://wikimon.net/Category:Dragon%27s_Roar | https://wikimon.net/Category:Metal_Empire | https://wikimon.net/Category:Nature_Spirits | https://wikimon.net/Category:Nightmare_Soldiers | https://wikimon.net/Category:Virus_Busters"
"wargrowlmon","WarGrowlmon","Dragon's Roar","","proposed_from_element_and_form_theme","No exact Wikimon category-name match for this Cyber Sleuth localization or one-off form; proposed from its source element and form theme.","https://wikimon.net/Field"
"waspmon","Waspmon","Metal Empire","Metal Empire | Wind Guardians","proposed_from_multiple_official_fields","Multiple official Field categories apply; the selected primary family is shown for this conversion.","https://wikimon.net/Category:Metal_Empire | https://wikimon.net/Category:Wind_Guardians"
"weregarurumon","WereGarurumon","Wind Guardians","Metal Empire | Nature Spirits | Nightmare Soldiers | Virus Busters | Wind Guardians","proposed_from_multiple_official_fields","Multiple official Field categories apply; the selected primary family is shown for this conversion.","https://wikimon.net/Category:Metal_Empire | https://wikimon.net/Category:Nature_Spirits | https://wikimon.net/Category:Nightmare_Soldiers | https://wikimon.net/Category:Virus_Busters | https://wikimon.net/Category:Wind_Guardians"
"weregarurumon_blk","WereGarurumon (Blk)","Nightmare Soldiers","Nature Spirits | Nightmare Soldiers","proposed_from_multiple_official_fields","Multiple official Field categories apply; the selected primary family is shown for this conversion.","https://wikimon.net/Category:Nature_Spirits | https://wikimon.net/Category:Nightmare_Soldiers"
"wingdramon","Wingdramon","Dragon's Roar","Dragon's Roar | Wind Guardians","proposed_from_multiple_official_fields","Multiple official Field categories apply; the selected primary family is shown for this conversion.","https://wikimon.net/Category:Dragon%27s_Roar | https://wikimon.net/Category:Wind_Guardians"
"wizardmon","Wizardmon","Nightmare Soldiers","","proposed_from_element_and_form_theme","No exact Wikimon category-name match for this Cyber Sleuth localization or one-off form; proposed from its source element and form theme.","https://wikimon.net/Field"
"woodmon","Woodmon","Jungle Troopers","Jungle Troopers | Nature Spirits | Wind Guardians","proposed_from_multiple_official_fields","Multiple official Field categories apply; the selected primary family is shown for this conversion.","https://wikimon.net/Category:Jungle_Troopers | https://wikimon.net/Category:Nature_Spirits | https://wikimon.net/Category:Wind_Guardians"
"wormmon","Wormmon","Jungle Troopers","Jungle Troopers | Nature Spirits | Nightmare Soldiers | Unknown","proposed_from_multiple_official_fields","Multiple official Field categories apply; the selected primary family is shown for this conversion.","https://wikimon.net/Category:Jungle_Troopers | https://wikimon.net/Category:Nature_Spirits | https://wikimon.net/Category:Nightmare_Soldiers | https://wikimon.net/Category:Unknown"
"yokomon","Yokomon","Jungle Troopers","","proposed_from_element_and_form_theme","No exact Wikimon category-name match for this Cyber Sleuth localization or one-off form; proposed from its source element and form theme.","https://wikimon.net/Field"
