Map,Entity,Resident,Species,Presence,Completion,Before X,Before Y,After X,After Y,Native action retained
base_camp,Noctowl,Clockmon,clockmon,always,"{""mission"": ""DigimonStory_TropicalPath""}",8,252,72,248,True
base_camp,Lapras,Gomamon,gomamon,native,"{""route"": ""tropical_path""}",264,488,296,400,False
base_camp,NPC_Entrance,Fern,goblimon,always,"{""mission"": ""DigimonStory_TropicalPath""}",280,56,248,56,False
base_camp,NPC_Unlucky,Bolt,toyagumon,always,"{""mission"": ""DigimonStory_TropicalPath""}",392,320,360,320,True
base_camp,NPC_Coast,Gomamon,gomamon,always,"{""mission"": ""DigimonStory_TropicalPath""}",184,416,240,416,False
base_camp,NPC_Steel_1,Flint,gotsumon,after,"{""mission"": ""DigimonStory_FaultlineRidge""}",208,120,240,120,True
base_camp,NPC_Steel_2,Hagurumon,hagurumon,native,"{""route"": ""tropical_path""}",232,104,272,104,True
base_camp,NPC_Catch_1,Tag,terriermon,native,"{""route"": ""tropical_path""}",192,368,208,368,True
base_camp,NPC_Catch_2,Tug,lopmon,native,"{""route"": ""tropical_path""}",296,368,320,368,True
base_camp,Story_Guardromon,Guardromon,guardromon,guardromon_town,"{""zone_mission"": ""guildmaster_trail""}",152,256,152,256,False
base_camp_2,Shop_Owner,Chuumon,chuumon,always,"{""route"": ""fertile_valley""}",240,496,240,496,True
base_camp_2,Tutor_Owner,Coach,hawkmon,native,"{""route"": ""tropical_path""}",352,512,352,512,True
base_camp_2,Swap_Owner,Barter,impmon,native,"{""route"": ""tropical_path""}",464,512,464,512,True
base_camp_2,Appraisal_Owner,Mamemon,mamemon,always,"{""zone_mission"": ""copper_quarry""}",580,496,580,496,True
base_camp_2,Locator_Owner,Bearing,gotsumon,native,"{""route"": ""tropical_path""}",240,128,240,128,True
base_camp_2,Music_Owner,Tempo,otamamon,native,"{""route"": ""tropical_path""}",240,128,240,128,True
base_camp_2,Juice_Owner,Draught,betamon,native,"{""route"": ""tropical_path""}",576,126,576,126,True
base_camp_2,NPC_Elder,Sunflowmon,sunflowmon,native,"{""route"": ""tropical_path""}",120,96,144,64,True
base_camp_2,NPC_Catch_2,Tug,lopmon,native,"{""route"": ""tropical_path""}",192,328,224,328,True
base_camp_2,NPC_Food,Salamon,salamon,native,"{""route"": ""tropical_path""}",152,600,184,600,True
base_camp_2,NPC_Queen,Gatomon,gatomon,native,"{""route"": ""tropical_path""}",512,625,544,640,False
base_camp_2,NPC_King,Leomon,leomon,native,"{""route"": ""tropical_path""}",536,608,568,600,False
base_camp_2,NPC_Catch_1,Tag,terriermon,native,"{""route"": ""tropical_path""}",112,400,144,400,True
base_camp_2,NPC_Nonbeliever,Gatomon,gatomon,native,"{""route"": ""tropical_path""}",728,192,760,240,False
base_camp_2,NPC_Treasure,ToyAgumon,toyagumon,native,"{""route"": ""tropical_path""}",440,208,472,208,False
base_camp_2,NPC_Broke,Goblimon,goblimon,native,"{""route"": ""tropical_path""}",720,112,768,120,True
base_camp_2,NPC_Hesitant,Gomamon,gomamon,native,"{""route"": ""tropical_path""}",688,144,696,176,False
base_camp_2,NPC_Settling,Wormmon,wormmon,native,"{""route"": ""tropical_path""}",360,304,392,304,False
base_camp_2,NPC_Interactive,Reed,renamon,always,"{""mission"": ""DigimonStory_TropicalPath""}",440,328,472,336,True
base_camp_2,NPC_Solo,Hawkmon,hawkmon,native,"{""route"": ""tropical_path""}",760,224,792,240,True
base_camp_2,NPC_Deliver,Dispatch,falcomon,native,"{""route"": ""tropical_path""}",584,88,552,88,False
base_camp_2,NPC_Carry,Crate,hagurumon,native,"{""route"": ""tropical_path""}",616,88,640,136,False
base_camp_2,NPC_Storehouse,Shell,armadillomon,always,"{""route"": ""fertile_valley""}",640,96,640,96,False
base_camp_2,Family_Sister,Palmon,palmon,native,"{""route"": ""tropical_path""}",664,608,696,608,True
base_camp_2,Family_Mother,Biyomon,biyomon,native,"{""route"": ""tropical_path""}",632,608,664,576,True
base_camp_2,Family_Father,Gomamon,gomamon,native,"{""route"": ""tropical_path""}",600,608,632,576,True
base_camp_2,Family_Brother,Bukamon,bukamon,native,"{""route"": ""tropical_path""}",608,632,672,640,True
base_camp_2,Family_Pet,Triceramon,triceramon,native,"{""route"": ""tropical_path""}",640,632,704,640,True
base_camp_2,Family_Grandma,Gotsumon,gotsumon,native,"{""route"": ""tropical_path""}",576,632,600,576,True
base_camp_2,Snorlax,Monzaemon,monzaemon,native,"{""route"": ""tropical_path""}",720,112,800,120,False
base_camp_2,Story_Falcomon,Falcomon,falcomon,after,"{""mission"": ""DigimonStory_TropicalPath""}",408,344,408,344,False
base_camp_2,Story_Botamon,Botamon,botamon,after,"{""mission"": ""DigimonStory_TropicalPath""}",400,376,400,376,False
base_camp_2,Story_Punimon,Punimon,punimon,after,"{""mission"": ""DigimonStory_TropicalPath""}",448,368,448,368,False
forest_camp,Snorlax,Monzaemon,monzaemon,always,"{""flag"": [""forest_camp"", ""SnorlaxPhase""], ""minimum"": 4}",364,248,400,296,True
forest_camp,NPC_Deliver,Dispatch,falcomon,native,"{""route"": ""faded_trail""}",352,344,384,328,True
forest_camp,NPC_Child,Nyaromon,nyaromon,native,"{""zone_mission"": ""tiny_tunnel""}",200,352,232,352,True
forest_camp,NPC_Carry,Crate,hagurumon,native,"{""route"": ""faded_trail""}",376,344,400,376,False
forest_camp,NPC_Camps,Sunflowmon,sunflowmon,always,"{""mission"": ""DigimonStory_TropicalPath""}",232,200,264,200,True
forest_camp,NPC_Parent,Gatomon,gatomon,always,"{""zone_mission"": ""tiny_tunnel""}",224,336,264,336,True
forest_camp,NPC_Storehouse,Shelve,armadillomon,native,"{""route"": ""faded_trail""}",368,248,368,248,False
forest_camp,Speedster_2,Lopmon,lopmon,native_or_after,"{""zone_mission"": ""faded_trail""}",408,128,392,120,True
forest_camp,Speedster_1,Terriermon,terriermon,always,"{""zone_mission"": ""faded_trail""}",424,152,344,160,False
forest_camp,NPC_Elder,Sprig,palmon,native,"{""route"": ""tropical_path""}",292,152,312,152,True
forest_camp,NPC_Catch_2,Tug,lopmon,native,"{""route"": ""faded_trail""}",320,368,352,400,True
forest_camp,NPC_Catch_1,Tag,terriermon,native,"{""route"": ""faded_trail""}",264,312,296,312,True
forest_camp,NPC_Unlucky,Palmon,palmon,always,"{""zone_mission"": ""bramble_woods""}",200,200,232,200,True
forest_camp,NPC_Solo,Impmon,impmon,after,"{""mission"": ""DigimonStory_TricksterWoods""}",292,104,320,112,True
forest_camp,Story_Wanyamon,Wanyamon,wanyamon,after,"{""zone_mission"": ""tiny_tunnel""}",384,408,384,408,False
forest_camp,Story_Bark,Bark,woodmon,after,"{""zone_mission"": ""overgrown_wilds""}",184,256,184,256,False
forest_camp,Story_Veil,Veil,bakemon,after,"{""zone_mission"": ""moonlit_courtyard""}",184,368,184,368,False
forest_camp,Story_Betamon,Betamon,betamon,after,"{""zone_mission"": ""sickly_hollow""}",184,400,184,400,False
forest_camp,Story_Dew,Dew,pabumon,after,"{""zone_mission"": ""secret_garden""}",320,408,320,408,False
forest_camp,Story_Moss,Moss,goblimon,after,"{""zone_mission"": ""ambush_forest""}",216,256,216,256,False
forest_camp,Story_Thorn,Thorn,goblimon,after,"{""zone_mission"": ""ambush_forest""}",256,280,256,280,False
forest_camp,Story_Elecmon,Elecmon,elecmon,after,"{""zone_mission"": ""eon_island""}",200,152,200,152,False
forest_camp,Story_Iris,Iris,salamon,after,"{""zone_mission"": ""prism_isles""}",232,160,232,160,False
cliff_camp,NPC_Monk,Pinion,hawkmon,always,"{""zone_mission"": ""training_maze""}",272,136,304,144,True
cliff_camp,Rival_1,Ash,goblimon,native,"{""route"": ""flyaway_cliffs""}",296,344,336,344,True
cliff_camp,NPC_Storehouse,Shelve,armadillomon,native,"{""route"": ""flyaway_cliffs""}",504,216,504,216,True
cliff_camp,NPC_Undergrowth_1,Reed,otamamon,native_or_after,"{""zone_mission"": ""wayward_wetlands""}",368,176,400,232,True
cliff_camp,NPC_Sightseer,Aquilamon,aquilamon,always,"{""zone_mission"": ""thunderstruck_pass""}",152,344,168,376,True
cliff_camp,NPC_Undergrowth_2,Quartz,gotsumon,native_or_after,"{""zone_mission"": ""geode_crevice""}",392,200,432,248,True
cliff_camp,NPC_DexRater,Renamon,renamon,native,"{""route"": ""flyaway_cliffs""}",648,208,664,240,True
cliff_camp,NPC_Carry,Tread,armadillomon,native_or_after,"{""zone_mission"": ""fertile_valley""}",520,200,576,200,True
cliff_camp,NPC_Deliver,Dispatch,falcomon,native,"{""route"": ""flyaway_cliffs""}",544,200,576,232,True
cliff_camp,NPC_Conjurer,Wick,meramon,native_or_after,"{""zone_mission"": ""lava_floe_island""}",600,360,632,360,True
cliff_camp,NPC_Seer,Wizardmon,wizardmon,native,"{""route"": ""flyaway_cliffs""}",632,360,664,360,True
cliff_camp,NPC_Broke,Goblimon,goblimon,native,"{""route"": ""flyaway_cliffs""}",584,312,616,312,True
cliff_camp,NPC_Catch_2,Tug,lopmon,native,"{""route"": ""flyaway_cliffs""}",440,368,472,368,True
cliff_camp,NPC_Catch_1,Tag,terriermon,native,"{""route"": ""flyaway_cliffs""}",384,312,416,312,True
cliff_camp,Rival_2,Bramble,goblimon,native,"{""route"": ""flyaway_cliffs""}",144,224,176,224,True
cliff_camp,NPC_Unlucky,ToyAgumon,toyagumon,native,"{""route"": ""flyaway_cliffs""}",96,336,128,312,True
cliff_camp,NPC_Kidnap,Bakemon,bakemon,native,"{""route"": ""flyaway_cliffs""}",120,456,136,392,True
cliff_camp,Speedster_1,Hawkmon,hawkmon,native_or_after,"{""zone_mission"": ""flyaway_cliffs""}",240,224,272,224,True
cliff_camp,Speedster_2,Lopmon,lopmon,native,"{""route"": ""flyaway_cliffs""}",216,224,248,192,True
cliff_camp,NPC_Solo,Hawkmon,hawkmon,native,"{""route"": ""flyaway_cliffs""}",736,352,704,352,True
cliff_camp,Story_Coelamon,Coelamon,coelamon,after,"{""zone_mission"": ""castaway_cave""}",256,256,256,256,False
canyon_camp,NPC_Dragon_2,Coelamon,coelamon,native,"{""route"": ""copper_quarry""}",504,328,536,384,True
canyon_camp,NPC_Dragon_1,Tankmon,tankmon,native,"{""route"": ""copper_quarry""}",480,344,504,408,True
canyon_camp,NPC_Dragon_3,Aquilamon,aquilamon,native,"{""route"": ""copper_quarry""}",528,344,568,368,True
canyon_camp,NPC_Seeker,Tentomon,tentomon,native,"{""route"": ""copper_quarry""}",360,432,392,432,True
canyon_camp,NPC_Shiny,Gatomon,gatomon,native,"{""route"": ""copper_quarry""}",496,480,464,480,True
canyon_camp,NPC_Storehouse,Shelve,armadillomon,native,"{""route"": ""copper_quarry""}",800,328,800,328,True
canyon_camp,NPC_Shortcut,Gomamon,gomamon,native,"{""route"": ""copper_quarry""}",760,416,792,416,True
canyon_camp,NPC_NextCamp,Gotsumon,gotsumon,native,"{""route"": ""copper_quarry""}",432,168,464,192,True
canyon_camp,NPC_Hidden,Bakemon,bakemon,native,"{""route"": ""copper_quarry""}",944,224,984,288,True
canyon_camp,NPC_Tutor,Hagurumon,hagurumon,native,"{""route"": ""copper_quarry""}",288,248,320,248,True
canyon_camp,NPC_Fairy,Salamon,salamon,native,"{""route"": ""copper_quarry""}",792,160,808,192,False
canyon_camp,NPC_Argue_1,Kiln,meramon,always,"{""zone_mission"": ""sleeping_caldera""}",552,225,592,224,True
canyon_camp,NPC_Argue_2,Rime,frigimon,always,"{""zone_mission"": ""sleeping_caldera""}",560,200,592,192,True
canyon_camp,NPC_Curious,Ledger,hagurumon,native_or_after,"{""zone_mission"": ""relic_tower""}",872,184,904,272,True
canyon_camp,NPC_Strategy,Starmon,starmon,always,"{""zone_mission"": ""forsaken_desert""}",840,208,864,240,True
canyon_camp,NPC_Carry,Tankmon,tankmon,native_or_after,"{""zone_mission"": ""depleted_basin""}",784,344,832,344,True
canyon_camp,NPC_Deliver,Dispatch,falcomon,native,"{""route"": ""copper_quarry""}",760,344,776,376,True
canyon_camp,NPC_Protege,Chip,toyagumon,native_or_after,"{""zone_mission"": ""copper_quarry""}",504,368,536,416,True
canyon_camp,NPC_Seer,Wizardmon,wizardmon,native,"{""route"": ""copper_quarry""}",312,464,352,464,True
canyon_camp,NPC_Conjurer,Meramon,meramon,native,"{""route"": ""copper_quarry""}",288,488,320,448,True
canyon_camp,NPC_Protege_Tutor,Tally,hagurumon,always,"{""zone_mission"": ""copper_quarry""}",504,368,568,400,True
canyon_camp,Rival_2,Bramble,goblimon,native,"{""route"": ""copper_quarry""}",600,336,632,384,True
canyon_camp,Rival_1,Ash,goblimon,native,"{""route"": ""copper_quarry""}",608,200,640,232,True
canyon_camp,NPC_Monk,Hawkmon,hawkmon,native,"{""route"": ""copper_quarry""}",872,344,896,376,True
canyon_camp,NPC_Spar,Leomon,leomon,native,"{""route"": ""copper_quarry""}",896,344,912,312,True
canyon_camp,NPC_Solo,Hawkmon,hawkmon,native,"{""route"": ""copper_quarry""}",784,416,824,416,True
canyon_camp,Story_Mamemon,Mamemon,mamemon,always,"{""zone_mission"": ""copper_quarry""}",280,360,280,360,False
canyon_camp,Story_Kuramon,Kuramon,kuramon,after,"{""zone_mission"": ""labyrinth_of_the_lost""}",248,360,248,360,False
canyon_camp,Story_Postscript,Postscript,bakemon,after,"{""zone_mission"": ""the_neverending_tale""}",216,360,216,360,False
rest_stop,Boss_1,Tankmon,tankmon,native,"{""route"": ""veiled_ridge""}",144,216,176,216,True
rest_stop,Boss_2,Gotsumon,gotsumon,native,"{""route"": ""veiled_ridge""}",296,216,328,208,True
rest_stop,Boss_3,DemiDevimon,demidevimon,native,"{""route"": ""veiled_ridge""}",168,368,200,368,True
rest_stop,Boss_4,DemiDevimon,demidevimon,native,"{""route"": ""veiled_ridge""}",272,368,304,400,True
rest_stop,Boss_6,Guardromon,guardromon,native,"{""route"": ""veiled_ridge""}",312,292,344,296,True
rest_stop,Boss_5,Guardromon,guardromon,native,"{""route"": ""veiled_ridge""}",128,292,160,288,True
rest_stop,NPC_Storehouse,Slate,gotsumon,always,"{""zone_mission"": ""cave_of_whispers""}",330,240,330,240,True
rest_stop,NPC_Deliver,Dispatch,falcomon,native,"{""route"": ""veiled_ridge""}",336,264,376,272,True
rest_stop,NPC_Carry,Crate,hagurumon,native,"{""route"": ""veiled_ridge""}",352,240,360,208,True
rest_stop,Boss_Loud,Guardromon,guardromon,native,"{""route"": ""veiled_ridge""}",220,280,256,280,False
rest_stop,NPC_Conjurer,Meramon,meramon,native,"{""route"": ""veiled_ridge""}",80,392,112,408,True
rest_stop,NPC_Seer,Wizardmon,wizardmon,always,"{""zone_mission"": ""cave_of_whispers""}",104,376,136,376,True
rest_stop,NPC_Dragon_1,Tankmon,tankmon,native,"{""route"": ""veiled_ridge""}",304,368,336,392,True
rest_stop,NPC_Dragon_2,Coelamon,coelamon,native,"{""route"": ""veiled_ridge""}",328,359,360,360,True
rest_stop,NPC_Dragon_3,Aquilamon,aquilamon,native,"{""route"": ""veiled_ridge""}",352,368,376,392,True
rest_stop,NPC_Protege,ToyAgumon,toyagumon,native,"{""route"": ""veiled_ridge""}",344,392,368,328,True
rest_stop,NPC_Protege_Tutor,Hagurumon,hagurumon,native,"{""route"": ""veiled_ridge""}",312,392,272,416,True
rest_stop,Rival_2,Bramble,goblimon,native,"{""route"": ""veiled_ridge""}",104,240,136,248,True
rest_stop,Rival_1,Ash,goblimon,native,"{""route"": ""veiled_ridge""}",368,296,280,312,True
rest_stop,NPC_GangOut,DemiDevimon,demidevimon,native,"{""route"": ""veiled_ridge""}",96,312,128,280,True
rest_stop,NPC_GangIn,Sable,renamon,native_or_after,"{""zone_mission"": ""veiled_ridge""}",120,336,152,344,True
rest_stop,Story_Echo,Echo,demidevimon,after,"{""zone_mission"": ""cave_of_whispers""}",200,248,200,248,False
rest_stop,Story_Aquilamon,Aquilamon,aquilamon,after,"{""zone_mission"": ""thunderstruck_pass""}",232,248,232,248,False
rest_stop,Story_Triceramon,Triceramon,triceramon,after,"{""zone_mission"": ""treacherous_mountain""}",248,344,248,344,False
final_stop,NPC_Storehouse,Hearth,frigimon,always,"{""zone_mission"": ""snowbound_path""}",208,320,208,320,True
final_stop,Rival_2,Bramble,goblimon,native,"{""route"": ""champions_road""}",360,56,376,56,True
final_stop,NPC_Carry,Brine,gomamon,native_or_after,"{""zone_mission"": ""snowbound_path""}",224,296,256,296,True
final_stop,NPC_Deliver,Dispatch,falcomon,native,"{""route"": ""champions_road""}",192,296,224,264,True
final_stop,NPC_Seer,Wizardmon,wizardmon,native,"{""route"": ""champions_road""}",360,368,392,368,True
final_stop,NPC_Conjurer,Meramon,meramon,native,"{""route"": ""champions_road""}",392,368,424,368,True
final_stop,NPC_Protege_Tutor,Cairn,gotsumon,native_or_after,"{""zone_mission"": ""champions_road""}",328,200,336,200,True
final_stop,NPC_Dragon_1,Tankmon,tankmon,native,"{""route"": ""champions_road""}",328,232,360,264,True
final_stop,NPC_Dragon_2,Coelamon,coelamon,native,"{""route"": ""champions_road""}",368,208,400,208,True
final_stop,NPC_Dragon_3,Aquilamon,aquilamon,native,"{""route"": ""champions_road""}",368,232,400,240,True
final_stop,Rival_1,Ash,goblimon,native,"{""route"": ""champions_road""}",224,56,256,56,True
final_stop,NPC_Secluded,Frigimon,frigimon,native,"{""route"": ""champions_road""}",200,200,232,200,False
final_stop,NPC_Forbidden,Gotsumon,gotsumon,native,"{""route"": ""champions_road""}",464,200,496,200,False
final_stop,Story_Guardromon,Guardromon,guardromon,guardromon_final,"{""zone_mission"": ""guildmaster_trail""}",192,232,192,232,False
guildmaster_summit,Xatu,Unimon,unimon,always,"{""zone_mission"": ""guildmaster_trail""}",196,168,232,208,False
guildmaster_summit,Lucario,Relay,hagurumon,always,"{""zone_mission"": ""guildmaster_trail""}",172,168,208,240,False
guildmaster_summit,Wigglytuff,Frigimon,frigimon,native,"{""route"": ""guildmaster_trail""}",220,168,256,256,False
guildmaster_summit,NPC_Rival_2,Goblimon,goblimon,native,"{""route"": ""guildmaster_trail""}",264,224,288,256,True
guildmaster_summit,NPC_Rival_1,Goblimon,goblimon,native,"{""route"": ""guildmaster_trail""}",128,248,160,248,True
guildmaster_summit,Noctowl,Clockmon,clockmon,always,"{""mission"": ""DigimonStory_TropicalPath""}",196,200,196,200,False
guildmaster_summit,NPC_Storehouse,Shelve,armadillomon,native,"{""route"": ""guildmaster_trail""}",120,200,120,200,True
guildmaster_summit,NPC_Deliver,Dispatch,falcomon,native,"{""route"": ""guildmaster_trail""}",88,224,152,216,True
guildmaster_summit,NPC_Carry,Crate,hagurumon,native,"{""route"": ""guildmaster_trail""}",104,208,136,280,True
guild_hut,Noctowl,Clockmon,clockmon,always,"{""mission"": ""DigimonStory_TropicalPath""}",184,284,184,284,False
guild_hut,Family_Sister,Palmon,palmon,native,"{""route"": ""tropical_path""}",168,192,184,224,False
guild_hut,Family_Mother,Biyomon,biyomon,native,"{""route"": ""tropical_path""}",192,192,248,192,False
guild_hut,Family_Father,Gomamon,gomamon,native,"{""route"": ""tropical_path""}",216,184,248,160,False
guild_hut,Family_Brother,Bukamon,bukamon,native,"{""route"": ""tropical_path""}",144,184,152,160,False
guild_hut,Family_Pet,Triceramon,triceramon,native,"{""route"": ""tropical_path""}",240,176,248,224,False
guild_hut,Family_Grandma,Gotsumon,gotsumon,native,"{""route"": ""tropical_path""}",216,216,216,240,False
post_office,Connect_Owner,Quill,falcomon,native,"{""route"": ""tropical_path""}",168,158,168,158,True
post_office,Rescue_Owner,Stamp,falcomon,native,"{""route"": ""tropical_path""}",224,158,224,158,True
end_ambush_forest,Honchkrow,Moss,goblimon,native,"{""zone_mission"": ""ambush_forest""}",196,152,232,152,False
end_ambush_forest,Murkrow_1,Thorn,goblimon,native,"{""zone_mission"": ""ambush_forest""}",172,152,208,120,False
end_ambush_forest,Murkrow_2,Fern,goblimon,native,"{""mission"": ""DigimonStory_TropicalPath""}",220,152,264,152,False
end_moonlit_temple,Cresselia,Veil,bakemon,native,"{""zone_mission"": ""moonlit_courtyard""}",196,184,232,184,False
end_treacherous_mountain,Salamence,Triceramon,triceramon,native,"{""zone_mission"": ""treacherous_mountain""}",244,152,280,152,False
garden_end,Shaymin,Dew,pabumon,native,"{""zone_mission"": ""secret_garden""}",196,216,232,232,False
