Dungeon ID,Display name,Current tileset references,Proposed floor bands,Resolved runtime wall IDs,Resolved runtime floor IDs,Resolved runtime secondary IDs,Configured weather/status,Terra implementation status,Generated-data scan status,Rendered evidence paths,Astra visual verdict,Required correction
copper_quarry,Factorial Quarry,legacy quarry plus terminal LoadGen,1-4 RockMaze; 5-8 DeepBoulderQuarry; 9-12 RockAegisCave,rock_maze_wall; deep_boulder_quarry_wall; rock_aegis_cave_wall,rock_maze_floor; deep_boulder_quarry_floor; rock_aegis_cave_floor,rock_maze_secondary; deep_boulder_quarry_secondary; rock_aegis_cave_secondary,sandstorm,implemented; terminal corrected,pass; no Test Dungeon or legacy terminal refs,none,pending rendered review,capture early middle late and terminal maps
barbamon_lair,Clockwork Vault,Test Dungeon challenge/reward floors before pass,1-3 BuriedRelic3; 4-6 BuriedRelic1; 7 MountainPeak arena; 8 GoldenChamber,buried_relic_3_wall; buried_relic_1_wall; golden_chamber_wall,buried_relic_3_floor; buried_relic_1_floor; golden_chamber_floor,buried_relic_3_secondary; buried_relic_1_secondary; golden_chamber_secondary,sandstorm,implemented,pass; no Test Dungeon refs,none,pending rendered review,capture challenge arena and reward maps
depleted_basin,Dragon Eye Basin,legacy basin plus terminal LoadGen,1-3 SidePath; 4-7 CraggyCoast; 8-10 LowerBrineCave,side_path_wall; craggy_coast_wall; lower_brine_cave_wall,side_path_floor; craggy_coast_floor; lower_brine_cave_floor,side_path_secondary; craggy_coast_secondary; lower_brine_cave_secondary,rain,implemented; terminal corrected,pass; no Test Dungeon or legacy terminal refs,none,pending rendered review,check walkable floor versus deep water
leviamon_lair,Dragon Eye Depths,Test Dungeon challenge/reward floors before pass,1-3 BrineCave; 4-6 DeepSealedRuin; 7 MountainPeak arena; 8 MiracleSea,brine_cave_wall; deep_sealed_ruin_wall; miracle_sea_wall,brine_cave_floor; deep_sealed_ruin_floor; miracle_sea_floor,brine_cave_secondary; deep_sealed_ruin_secondary; miracle_sea_secondary,rain,implemented,pass; no Test Dungeon refs,none,pending rendered review,check water boundaries and interactable contrast
thunderstruck_pass,Thunder Pass,legacy pass plus terminal LoadGen,1-4 FarAmpPlains; 5-8 AmpPlains; 9-13 MtThunder,far_amp_plains_wall; amp_plains_wall; mt_thunder_wall,far_amp_plains_floor; amp_plains_floor; mt_thunder_floor,far_amp_plains_secondary; amp_plains_secondary; mt_thunder_secondary,rain,implemented,pass; no Test Dungeon or legacy terminal refs,none,pending rendered review,capture storm status across all bands
daemon_lair,Storm Crown,Test Dungeon challenge/reward floors before pass,1-3 MtThunderPeak; 4-6 ElectricMaze; 7 MountainPeak arena; 8 ElectricMaze,mt_thunder_peak_wall; electric_maze_wall,mt_thunder_peak_floor; electric_maze_floor,mt_thunder_peak_secondary; electric_maze_secondary,rain,implemented,pass; no Test Dungeon refs,none,pending rendered review,check patterned surfaces and arena transition
veiled_ridge,Misty Ridge,legacy ridge plus terminal LoadGen,1-4 MystifyingForest; 5-8 FoggyForest; 9-13 MurkyForest,mystifying_forest_wall; foggy_forest_wall; murky_forest_wall,mystifying_forest_floor; foggy_forest_floor; murky_forest_floor,mystifying_forest_secondary; foggy_forest_secondary; murky_forest_secondary,misty_terrain,implemented; terminal corrected,pass; no Test Dungeon or legacy terminal refs,none,pending rendered review,capture fog readability at terminal
lilithmon_lair,Veil Palace,Test Dungeon challenge/reward floors before pass,1-3 WesternCave1; 4-6 WesternCave2; 7 MountainPeak arena; 8 WesternCave1,western_cave_1_wall; western_cave_2_wall,western_cave_1_floor; western_cave_2_floor,western_cave_1_secondary; western_cave_2_secondary,misty_terrain,implemented,pass; no Test Dungeon refs,none,pending rendered review,check fog and interactable contrast
snowbound_path,Freezeland Path,legacy path plus terminal LoadGen,1-4 FrostyForest; 5-8 MtFreeze; 9-13 DarkIceMountain,frosty_forest_wall; mt_freeze_wall; dark_ice_mountain_wall,frosty_forest_floor; mt_freeze_floor; dark_ice_mountain_floor,frosty_forest_secondary; mt_freeze_secondary; dark_ice_mountain_secondary,snow,implemented,pass; no Test Dungeon or legacy terminal refs,none,pending rendered review,capture cold palette and active status
sleeping_caldera,Slumbering Caldera,Test Dungeon challenge/reward floors before pass,1-2 SteamCave; 3-4 MagmaCavern2; 5-6 DeepDarkCrater; 7 MountainPeak arena; 8 SteamCave,steam_cave_wall; magma_cavern_2_wall; deep_dark_crater_wall,steam_cave_floor; magma_cavern_2_floor; deep_dark_crater_floor,steam_cave_secondary; magma_cavern_2_secondary; deep_dark_crater_secondary,snow F1-2; sunny F3-6,implemented,pass; no Test Dungeon refs,none,pending rendered review,check cold-to-hot transition and status
champions_road,Infinity Approach,legacy approach plus terminal LoadGen,1-4 NorthernRange1; 5-8 NorthernRange2; 9-13 SkyTower,northern_range_1_wall; northern_range_2_wall; sky_tower_wall,northern_range_1_floor; northern_range_2_floor; sky_tower_floor,northern_range_1_secondary; northern_range_2_secondary; sky_tower_secondary,cloudy,implemented; terminal corrected,pass; no Test Dungeon or legacy terminal refs,none,pending rendered review,check pale sprites and stairs on SkyTower
lucemon_lair,False Dawn Observatory,Test Dungeon challenge/reward floors before pass,1-3 SkyTower; 4-6 WishCave1; 7 MountainPeak arena; 8 SkyTower,sky_tower_wall; wish_cave_1_wall,sky_tower_floor; wish_cave_1_floor,sky_tower_secondary; wish_cave_1_secondary,cloudy,implemented,pass; no Test Dungeon refs,none,pending rendered review,check pale Digimon/items/traps contrast
guildmaster_trail,Infinity Mountain,legacy mountain plus terminal LoadGen,1-4 ZeroIsleSouth2; 5-8 SkyPeakSummitPass; 9-13 SpacialCliffs,zero_isle_south_2_wall; sky_peak_summit_pass_wall; spacial_cliffs_wall,zero_isle_south_2_floor; sky_peak_summit_pass_floor; spacial_cliffs_floor,zero_isle_south_2_secondary; sky_peak_summit_pass_secondary; spacial_cliffs_secondary,cloudy,implemented,pass; no Test Dungeon or legacy terminal refs,none,pending rendered review,capture each ascent band with status
beelzemon_lair,Return Protocol Citadel,Test Dungeon challenge/reward floors before pass,1-3 SteelAegisCave; 4-6 FutureTemporalTower; 7 MountainPeak arena; 8 FutureTemporalTower,steel_aegis_cave_wall; future_temporal_tower_wall,steel_aegis_cave_floor; future_temporal_tower_floor,steel_aegis_cave_secondary; future_temporal_tower_secondary,cloudy,implemented,pass; no Test Dungeon refs,none,pending rendered review,check dark-sprite contrast and machine-like readability
